name,speed,spin,tackiness,overall,price,ratings,brand
401,,,,,58,0,(No Brand)
Bokai Stayer,8.4,8.2,8.3,9,25,3,(No Brand)
Carlton Vapour Trail R1,4,3,2,4,5,1,(No Brand)
(No Brand) Der Materialspezialist Spinparasite,,,,,,0,(No Brand)
Dunlop G-Force Predator,,,,,8,0,(No Brand)
Eloy Foster,,,,,,0,(No Brand)
Karl - Heinz Dosdall,,,,,,0,(No Brand)
Omega Vii,,,,,,0,(No Brand)
Razka7,7.2,5,5,7,,1,(No Brand)
Revolution Max 2,8.6,9,0,9,18,1,(No Brand)
Spinlab Vortex,4,0,0,10,,1,(No Brand)
Target Airtec Fx,9.5,9.4,8,9,40,1,(No Brand)
Uniker,5,6,2,5,8,1,(No Brand)
V 01,,,,,60,0,(No Brand)
Venom Power,6,6.5,0,5.5,10,1,(No Brand)
Yinhe D90000,10,10,10,10,,1,(No Brand)
Yupiter Maxtense,,,,,,0,(No Brand)
61 Second Eagle,8.2,8.7,2.8,8.3,21,4,61 Second
61 Second Kangaroo,7.7,8,5.3,7.4,16,8,61 Second
61 Second Lightning DS (Non-tacky),7.3,7.5,2.2,7.2,15,5,61 Second
61 Second Lightning DS LST,7,8.8,8.4,8.7,12,9,61 Second
61 Second Lightning DSÂ PRO,8.5,8.6,3.5,8.6,15,2,61 Second
61 Second Thunder LM ST,7.5,8.9,6.3,8.5,12,6,61 Second
999 999T-2,8.5,8.5,5,8.5,20,1,999
999 999T-3,,,,,20,0,999
999 Super 999T,7.6,9.1,8.9,8.6,20,45,999
999 T-1,7.7,9.1,8.7,8.5,20,3,999
999 T1,,,,,,0,999
Adidas Blaze Speed,9,6,0,9,54,1,Adidas
Adidas Blaze Spin,,,,,54,0,Adidas
Adidas E-Razor D30,8.5,7,2,6.5,39,1,Adidas
Adidas P3,8.7,8.4,1.8,8.6,70,18,Adidas
Adidas P5,8.9,9.3,2.7,9.1,52,27,Adidas
Adidas P7,8.8,9.5,2.1,9.4,50,80,Adidas
Adidas R4 Response,8.3,7.5,0.7,8.5,60,6,Adidas
Adidas R6 Response,8.8,8.9,2.1,8.9,60,8,Adidas
Adidas SynTec,8.3,8.4,1.8,8.5,59,9,Adidas
Adidas SynTec Fast,9,8.6,2.2,9,54,9,Adidas
Adidas SynTec SF,,,,,59,0,Adidas
Adidas TenZone,9.2,9.3,1.9,9,79,18,Adidas
Adidas TenZone SF,8.8,8.8,0.7,8.6,79,14,Adidas
Adidas Tenzone Ultra,9.3,9.5,2.3,9.5,50,18,Adidas
Adidas TenZone Ultra SF,9.1,9.3,2.4,9.5,40,14,Adidas
Air Assassins,8.4,8.1,3.5,9,22,2,Air
Air DefenderS,6.8,7.7,7.7,8.7,16,3,Air
Air Illumina,8.3,8.5,3.2,8.5,16,10,Air
Air Illumina X25,6.6,6.1,0,7,25,3,Air
Air Illumina X88,9,8.9,2,9.1,25,24,Air
Air Illumina X90,,,,,25,0,Air
Air Scirocco SF,8.2,8.2,3.9,8.8,25,8,Air
Air Scirocco SN,,,,,25,0,Air
Air Scirocco SR,8,5,0,7,25,1,Air
Andro Backside,5.5,10,10,10,30,2,Andro
Andro Backside 2.0 C,7,9.2,3.9,8.8,30,8,Andro
Andro Backside 2.0D,7.8,9.1,3.7,9,43,13,Andro
Andro EX-8,8,8,6.5,,29,2,Andro
Andro Focus,8.4,8.2,6,8.1,35,2,Andro
Andro Good,8.8,9.1,2.8,9.2,35,10,Andro
Andro GTT 40,8.5,9,1.8,9,25,8,Andro
Andro GTT 45,8.4,8.4,0.9,8.7,25,7,Andro
Andro Hexer,8.7,9.1,2.4,9,47,47,Andro
Andro Hexer Duro,9.1,9.1,3,9,44,37,Andro
Andro Hexer Grip,8.9,9.3,0.8,9.3,44,22,Andro
Andro Hexer Grip SFX,8.7,9.4,1.5,9.2,41,28,Andro
Andro Hexer HD,9.3,9.2,2.8,9.3,56,37,Andro
Andro Hexer Powergrip,9.2,9.4,1.1,9.4,44,33,Andro
Andro Hexer Powergrip SFX,8.6,9,1.6,9.3,41,25,Andro
Andro Hexer Powersponge,8.3,8.9,0.5,8.7,47,25,Andro
Andro Hexer+,9.3,9,1.4,9.2,47,25,Andro
Andro Impuls,7.5,8.6,2.4,8,32,5,Andro
Andro Impuls Powersponge,8.5,9.2,1.7,9.2,47,11,Andro
Andro Impuls Speed,7.5,7.9,1.1,7.9,44,14,Andro
Andro Maxcell SuperSponge,,,8,7,22,1,Andro
Andro Plasma 380,7.7,8.3,2,8.7,47,14,Andro
Andro Plasma 430,8.4,8.3,1.3,8.4,47,15,Andro
Andro Plasma 470,9.1,8,2.1,8.5,44,12,Andro
Andro Plasma Women,8.6,8.8,1.1,9.4,37,18,Andro
Andro Plaxon 350,8.8,9.3,0.5,9.2,44,4,Andro
Andro Plaxon 400,8.7,9.3,0.4,9.2,44,13,Andro
Andro Plaxon 450,9.1,9,1,8.9,44,4,Andro
Andro Plaxon 525,9.3,9.2,1.6,9.2,52,5,Andro
Andro Rasant,9.2,9.4,2.1,9.5,57,145,Andro
Andro Rasant Beat,8.9,9.3,1.7,9.3,56,20,Andro
Andro Rasant Chaos,10,10,0,10,35,1,Andro
Andro Rasant Grip,9.1,9.5,2.3,9.5,53,119,Andro
Andro Rasant PowerGrip,9.4,9.5,2.2,9.4,56,59,Andro
Andro Rasant Powersponge,8.7,9.3,2.3,9.3,53,48,Andro
Andro Rasant Turbo,9.5,9.1,1.5,9.4,43,39,Andro
Andro Rasanter,,,,,,0,Andro
Andro Rasanter R37,8.7,9.2,1.8,9.3,46,40,Andro
Andro Rasanter R42,9,9.5,2.2,9.4,38,47,Andro
Andro Rasanter R47,9.4,9.3,1.8,9.4,47,73,Andro
Andro Rasanter R48,9.3,9.6,1.7,9.6,,11,Andro
Andro Rasanter R50,9.4,9.4,1.6,9.5,50,33,Andro
Andro Rasanter R53,9.4,9.5,1.3,9.4,45,23,Andro
Andro Rasanter V42,9.2,9.1,1.8,9.2,49,14,Andro
Andro Rasanter V47,9.3,9,1.3,9,49,20,Andro
Andro Razant,,,,,,0,Andro
Andro Revo Fire,8.3,8.3,2.4,8.6,45,12,Andro
Andro Revolution,9.1,7.8,2,8.8,39,2,Andro
Andro Revolution C.O.R.,9,9,2,8.9,30,1,Andro
Andro Revolution C.O.R. SuperSponge,9.5,9.5,9,10,30,2,Andro
Andro Revolution C.O.R.²,8.9,7.5,1.3,8.3,49,3,Andro
Andro Revolution C.O.R.² Emotion,,,,,49,0,Andro
Andro Revolution C.O.R.² SuperSponge,8.5,8,2,,49,1,Andro
Andro Revolution Fire,8,7,4,8.5,36,2,Andro
Andro Revolution Quad 420,8.1,7.9,3.7,5.8,43,7,Andro
Andro Revolution Quad 450,8.5,7.5,2.5,7,43,2,Andro
Andro Revolution Quad 480,7.5,7.5,7.5,7,43,2,Andro
Andro Rocket Hard,8.4,8.8,4,7.9,30,5,Andro
Andro Rocket Medium,7.9,7.3,0.7,7.7,30,7,Andro
Andro Rocket Soft,,,,,30,0,Andro
Andro Roxon 330,8.1,8.9,1.7,8.6,49,19,Andro
Andro Roxon 450,9.2,7.8,1.4,8.6,49,15,Andro
Andro Roxon 500 Pro,9.5,8.3,1.7,8.7,50,17,Andro
Andro Shifter,8.3,8.5,0.5,9,42,4,Andro
Andro Shifter PowerSponge,8.5,8.9,1.5,9,37,6,Andro
Andro Start,,,,,7,0,Andro
Andro Upgrade,7,7.5,0.5,8.2,9,4,Andro
Andro Zenith G,9,9.7,,9,19,2,Andro
Armstrong Hikari SR 7,7.2,9.1,2,9.4,,2,Armstrong
Armstrong Hikari SR 7 40°,,,,,,0,Armstrong
Armstrong New Anti Spin,5.5,5.9,4.3,9,42,4,Armstrong
Armstrong New Chopper,5,9,5,7,35,2,Armstrong
Armstrong New Spirit-Hi,,,,,27,1,Armstrong
Armstrong Seifuku SS Conqueror 42,8.2,8.8,2,9.5,35,1,Armstrong
Armstrong SH-I,8.4,8.9,1,9,40,2,Armstrong
Artengo 920s,6.4,6.8,3.5,7.5,30,3,Artengo
Avalox Pronte,7.8,8.4,3.5,8.8,26,4,Avalox (AVX)
Avalox Purot,7.7,8.4,4,8.8,22,7,Avalox (AVX)
Avalox Sogno,8.6,9,9,8.9,15,2,Avalox (AVX)
Avalox Sogno 40,,,,,30,0,Avalox (AVX)
Avalox Sterco,8.6,8.5,0.8,8.4,32,9,Avalox (AVX)
Banda China TS,7,9,5,,25,2,Banda
Banda Helix,8.5,8,2,8,30,1,Banda
Banda Helix Energix,8.9,7.7,3.2,8.5,24,7,Banda
Banda Motion,,,,,18,0,Banda
Banda Rossa,,,,,25,0,Banda
Banda Rossa Soft,7.1,7.8,0,6.9,25,6,Banda
Banda Sigma,8.3,7.3,1.2,8.1,33,6,Banda
Bomb Bombard Hard (43-46°),8.5,8.1,3.5,8.4,17,5,Bomb
Bomb Bombard Medium (42-45°),8,8,,,7,1,Bomb
Bomb Bombard Soft (40-43°),9,9,2,,9,1,Bomb
Bomb Mopha,8.6,8.2,1.1,9,18,10,Bomb
Bomb Raider Tension,,,,,15,0,Bomb
Bomb Raider Tension (Common Type),,,,,9,0,Bomb
Bomb Raider Tension (Economical Type),,,,,10,0,Bomb
Bomb UFO,7.8,7.1,1.3,7.5,18,3,Bomb
Bomb UFO G.Tension (German),,,,,20,0,Bomb
Bomb UFO J Tension (Japan),8.1,8.5,1,9,15,2,Bomb
Bomb Violent (Common Type),6.3,4,2,1,9,3,Bomb
Bomb Violent (Economical Type),,,,,12,0,Bomb
Bomb Violent (Hard),,,,,21,0,Bomb
Butterfly 05,,,,,,0,Butterfly
Butterfly Addoy,5.1,5.3,1.2,6.4,5,16,Butterfly
Butterfly Aibiss,7.3,8.9,5,8.4,40,3,Butterfly
Butterfly Bryce,9,7.5,2,7.8,57,31,Butterfly
Butterfly Bryce FX,8.6,8.2,1.5,8.4,55,24,Butterfly
Butterfly Bryce FX PowerSponge,9.2,8.9,2,9.1,,1,Butterfly
Butterfly Bryce Hard,9,8,2,8.5,35,2,Butterfly
Butterfly Bryce High Speed,9.4,8.4,2.2,9.3,63,22,Butterfly
Butterfly Bryce High Tune,9.1,8.8,1,9.1,35,4,Butterfly
Butterfly Bryce PowerSponge,8,9,2,8,,1,Butterfly
Butterfly Bryce Speed,9.4,8.3,1.4,9,79,43,Butterfly
Butterfly Bryce Speed FX,9.4,8.4,2.5,9.1,65,44,Butterfly
Butterfly Catapult,9,8.7,2.3,8.4,52,9,Butterfly
Butterfly Cermet,8.6,8.2,0.9,8.9,43,10,Butterfly
Butterfly Dignics 05,8.9,9.3,1.9,9.1,105,38,Butterfly
Butterfly Dignics 09C,8.5,9.5,5.6,9.2,120,13,Butterfly
Butterfly Dignics 64,9.7,9.7,0,10,97,3,Butterfly
Butterfly Dignics 80,9.4,9.3,2.3,9.5,100,10,Butterfly
Butterfly Ekrips,6.9,5.8,2,5.5,37,4,Butterfly
Butterfly Ekrips Soft,7.9,7.3,1,7.7,35,4,Butterfly
Butterfly Flextra,7.1,7.6,2.5,7.9,20,54,Butterfly
Butterfly Gignics,,,,,,0,Butterfly
Butterfly Largestorm,,,,,,0,Butterfly
Butterfly Morim,6,,,9.5,100,1,Butterfly
Butterfly Pan Asia,6.5,6.8,2.1,6.8,10,17,Butterfly
Butterfly Roundell,8.8,8.6,2.5,8.7,48,27,Butterfly
Butterfly Roundell Hard,8.8,9,1.5,8.9,45,4,Butterfly
Butterfly Roundell Soft,8.7,8.8,2.5,9,45,15,Butterfly
Butterfly Rozena,8.8,8.5,2,8.9,38,53,Butterfly
Butterfly Sapphira,8.2,8.5,2.7,8.4,32,11,Butterfly
Butterfly SOFT D13,8.2,8.3,4.6,8.3,8,5,Butterfly
Butterfly Solcion,7.9,8.2,1.6,8.8,53,23,Butterfly
Butterfly Spin Art,8.5,9.3,6,9.2,68,49,Butterfly
Butterfly Sriver,8,8,2.5,8.5,40,95,Butterfly
Butterfly Sriver EL,7.8,7.8,2.7,8.5,40,64,Butterfly
Butterfly Sriver FX,7.9,8.1,2.8,8.5,40,68,Butterfly
Butterfly Sriver FX PowerSponge,,,,,32,0,Butterfly
Butterfly Sriver G2,8.4,8.2,2.5,8.7,56,19,Butterfly
Butterfly Sriver G2 FX,7.9,8.2,1.9,8.4,56,27,Butterfly
Butterfly Sriver G2 High Tune,8.5,8,5,8.5,67,2,Butterfly
Butterfly Sriver G3,8.4,8.2,3,8.4,57,39,Butterfly
Butterfly Sriver G3 FX,8.6,8.4,2.7,8.9,59,50,Butterfly
Butterfly Sriver High Tune,8.3,8.3,4,8.7,55,7,Butterfly
Butterfly Sriver L,8.2,8.2,2.7,8.7,28,24,Butterfly
Butterfly Sriver PowerSponge,8,8.5,,7,40,1,Butterfly
Butterfly Sriver S,7.3,6.5,2.3,8.3,28,4,Butterfly
Butterfly Stayer,,,,,,0,Butterfly
Butterfly Super Anti (Anti-spin),4.4,2.6,0,8.4,36,18,Butterfly
Butterfly Super Anti Special (Anti-spin),6,5.3,1.7,9.3,34,4,Butterfly
Butterfly Tackifire,,,,,,0,Butterfly
Butterfly Tackifire C,6.8,8.8,7.3,7.5,52,15,Butterfly
Butterfly Tackifire C Soft,7.4,9.1,7.1,9,52,14,Butterfly
Butterfly Tackifire Drive,7.7,8.8,5.6,8.4,41,13,Butterfly
Butterfly Tackifire Special,7.4,8,3.5,8,29,3,Butterfly
Butterfly Tackifire Special-Soft,7.9,9.1,3.4,8.9,51,20,Butterfly
Butterfly Tackiness Chop,5.5,9.1,5.5,8.6,35,30,Butterfly
Butterfly Tackiness Chop 2,6.8,8.9,4.9,8.9,45,21,Butterfly
Butterfly Tackiness Drive,7,8.6,5.5,8.5,35,41,Butterfly
Butterfly Tempest,8,7.8,2,8.3,30,2,Butterfly
Butterfly Tenergy 05,9.3,9.4,2.4,9.3,79,330,Butterfly
Butterfly Tenergy 05 FX,9.1,9.3,3.1,9.4,75,136,Butterfly
Butterfly Tenergy 05 Hard,9.3,9.3,2.3,9.1,90,20,Butterfly
Butterfly Tenergy 25,9.2,9.1,2.4,9.3,78,70,Butterfly
Butterfly Tenergy 25 FX,9.1,9.2,3,9.4,78,34,Butterfly
Butterfly Tenergy 64,9.3,8.8,2.6,9.3,70,163,Butterfly
Butterfly Tenergy 64 FX,9,8.9,1.7,9,78,40,Butterfly
Butterfly Tenergy 80,9.3,9.4,2.2,9.4,68,111,Butterfly
Butterfly Tenergy 80-FX,9,9,2.1,8.9,80,21,Butterfly
Butterfly Wakaba,5.4,5.4,0.7,6.3,,10,Butterfly
Butterfly Wakaba D-13,6.4,6.2,1,7,,4,Butterfly
Butterfly Yuki,6.6,6.8,7.1,7.1,30,14,Butterfly
Champion Apache,9.2,9.3,2,9.3,26,1,Champion
Champion Next,7.6,7.3,0,7.3,19,4,Champion
Cornilleau Drive Intens,8,8.3,1,8.6,37,2,Cornilleau
Cornilleau Drive Speed,,,,,25,0,Cornilleau
Cornilleau Drive Spin,8,8.9,2,8.8,25,1,Cornilleau
Cornilleau Pilot Advance,9.4,9.1,0.4,9.1,47,7,Cornilleau
Cornilleau Pilot Control,7.4,7.2,4,8.1,41,5,Cornilleau
Cornilleau Pilot Fast,8.8,9,2,9,,2,Cornilleau
Cornilleau Pilot Power,8.3,7.7,1.2,8.4,48,7,Cornilleau
Cornilleau Pilot Sound,,,,,,0,Cornilleau
Cornilleau Pilot Sound Power,,,,,45,0,Cornilleau
Cornilleau Pilot Style,8.1,8.9,0,8.7,44,5,Cornilleau
Cornilleau Start Up,7.9,8.8,0,9.3,,1,Cornilleau
Cornilleau Target Force 42.5,8.9,9,2.3,9.2,63,3,Cornilleau
Cornilleau Target Force 45,8.8,8.8,3.2,9.1,,5,Cornilleau
Cornilleau Target Pro GT X51,9.4,9.2,1.6,9.2,50,13,Cornilleau
Cornilleau Target Pro GT-H47,9.3,9.2,2.6,9.2,70,23,Cornilleau
Cornilleau Target Pro GT-M43,9,8.8,1.5,8.8,50,4,Cornilleau
Cornilleau Target Pro GT-S39,8.6,9.1,0.8,9.1,59,5,Cornilleau
Cornilleau Target Sound 37.5,8.6,9.3,0.8,9.2,63,6,Cornilleau
Cornilleau Target Ultim 47.5,9.3,9.2,2,9.2,63,5,Cornilleau
Cornilleau Target Ultim 50,8.9,9.3,3,9.1,,3,Cornilleau
CTT National Hero,7.5,9,7.2,8.7,17,8,CTT
CTT National Pride,8.2,8.5,4.4,8.1,14,5,CTT
CTT National Strike,7.3,8.6,6.2,8.2,14,10,CTT
Darker Provine,8.3,9,0.7,9,,3,Darker
Darker Provine SV,,,,,,0,Darker
Darker Spalbird,,,,,48,0,Darker
Darker VLON-S Black D,,,,,20,0,Darker
Darker VLON-S Black V,8.8,8.7,8,8,18,1,Darker
Darker VLON-S Blue V,8.9,9.1,7.2,9.2,11,20,Darker
Darker VLON-S Purple D,8.8,9.2,5,9.2,18,3,Darker
Darker VLON-S Red D,,,,,,0,Darker
Darker VLON-S Red V,8.6,8.7,2,8.7,17,2,Darker
Darker VLON-S Silver D,,,,,22,0,Darker
Darker VLON-S Silver V,8.8,9.1,5,8.6,19,2,Darker
Dawei 08,8.6,8,6.5,8.4,14,4,Dawei
Dawei 2008 (Super Power),7.4,7.3,3.5,7.8,8,9,Dawei
Dawei 2008 XP (Super Power),7.9,8.1,4.2,8.1,9,34,Dawei
Dawei 388A-4 Speed+Spin Type,8.9,9.2,6.5,8.8,10,4,Dawei
Dawei Genote Peak Power,8.5,8.8,4.6,9.1,14,8,Dawei
Dawei Inspirit,8,8.5,2.4,8.9,12,24,Dawei
Dawei Inspirit Quattro,8.8,8.1,2.4,8.5,14,29,Dawei
Dawei Inspirit Quattro Ultralight 38,8.5,8.2,2.5,9,16,2,Dawei
Dawei Inspirit Quattro Ultralight 40,8.7,8.2,2.9,8.9,16,23,Dawei
Dawei Inspirit Quattro Ultralight Power 42,8.8,8,2.7,8.2,16,9,Dawei
Dawei Inspirit Quattro Ultralight SV 35,8.3,8.5,2.9,8.8,16,22,Dawei
Dawei Navigator GT-A,7.8,8,8,8.5,13,2,Dawei
Dawei Navigator GT-A4,8.2,8.2,5.5,7.8,9,9,Dawei
Dawei Saviga,8.3,8.4,1.3,8.8,16,10,Dawei
Dawei Saviga Special,,,,,19,0,Dawei
Dawei Sprungfeder G3 A,8,8,,9.5,14,1,Dawei
Dawei Sprungfeder G3 A2,7.8,9.1,7.7,8.8,14,13,Dawei
Dawei Sprungfeder G3 A4,8,7,5,9,14,1,Dawei
Der Materialspezialist B.A.D. Best Anti Defence,,,,,60,0,Der Materialspezialist
Der Materialspezialist Beast,4.3,1,0,9.5,66,2,Der Materialspezialist
Der Materialspezialist Diabolic,4.4,9.3,0,9.7,55,1,Der Materialspezialist
Der Materialspezialist Diabolic Extra Slow,5.5,0.3,0,9,60,1,Der Materialspezialist
Der Materialspezialist Hardcore,7.9,9.3,2,9,42,1,Der Materialspezialist
Der Materialspezialist Hardcore Speed,,,,,42,0,Der Materialspezialist
Der Materialspezialist Mega-Block,4.3,1.5,0,8,50,3,Der Materialspezialist
Der Materialspezialist NIGHTMARE,,,,,60,0,Der Materialspezialist
Der Materialspezialist Reflection Anti,4.3,2.1,0,9.8,55,1,Der Materialspezialist
Der Materialspezialist Spinparasite Anti,,,,,60,0,Der Materialspezialist
Der Materialspezialist Transformer,4,1.5,0,8.4,60,4,Der Materialspezialist
Derwind Rayhe,8.1,7.7,3,8.5,37,4,Derwind
Derwind Stolz,8.7,9,0,9.1,37,1,Derwind
Donic 66GS,,,,,16,0,Donic
Donic Acuda Blue P1,9.3,9.2,2.8,9.4,44,23,Donic
Donic Acuda Blue P1 Turbo,9.4,9.2,2.5,8.7,54,14,Donic
Donic Acuda Blue P2,9,9.4,2.6,9.4,54,54,Donic
Donic Acuda Blue P3,8.2,8.7,2.5,8.8,54,9,Donic
Donic Acuda S1,9.2,9.2,1.9,9.2,52,56,Donic
Donic Acuda S1 Turbo,9.4,9.1,3.2,9.3,52,49,Donic
Donic Acuda S2,8.8,9.1,2.6,9.2,37,108,Donic
Donic Acuda S3,8.4,9.1,1.8,9,52,73,Donic
Donic Akkadi Java,9,9.5,8,9.6,,1,Donic
Donic Akkadi Taichi,6.9,8.9,5.2,8.4,20,16,Donic
Donic Akkadi Taichi (Red),7.4,9.1,5,9.2,38,5,Donic
Donic Alligator Anti,4,3,0,9.8,40,1,Donic
Donic Anti A40 (Anti-spin),6,3.3,0,7,40,2,Donic
Donic Anti Classic,3.7,2.3,1,9.5,43,3,Donic
Donic Anti-40,4.1,3,0,10,40,1,Donic
Donic Baracuda,8.7,9.5,2.3,9.3,40,197,Donic
Donic Baracuda Big Slam,8.2,9.2,2.1,8.9,46,31,Donic
Donic Bluefire,10,9,10,10,50,1,Donic
Donic Bluefire Big Slam,8,8.2,2.4,7.9,50,6,Donic
Donic Bluefire JP 01,8.8,9,2.7,9,54,27,Donic
Donic Bluefire JP 01 Turbo,9.3,9.4,3.8,9.2,54,25,Donic
Donic Bluefire JP 02,8.9,8.8,1.8,9.1,54,20,Donic
Donic Bluefire JP 03,8.7,9.1,2,9.3,54,48,Donic
Donic Bluefire M1,9.3,9.3,2.7,9.3,54,81,Donic
Donic Bluefire M1 Turbo,9.4,9.5,2.6,9.4,54,27,Donic
Donic Bluefire M2,8.7,9.1,2.1,9,54,49,Donic
Donic Bluefire M3,8.4,9.1,1.9,8.9,54,45,Donic
Donic BlueGrip C1,,,,,55,0,Donic
Donic BlueGrip C2,9.2,9.4,5,9.1,55,1,Donic
Donic BlueGrip R1,8.5,9.5,5.7,8.8,40,6,Donic
Donic BlueGrip V1,8.9,9.4,8.1,9.1,40,12,Donic
Donic Blues,6.5,6.5,0,9,28,2,Donic
Donic Bluestorm Big Slam,8.5,9.2,2,9,49,1,Donic
Donic Bluestorm Z1,9.3,9.4,1.9,9.2,60,23,Donic
Donic Bluestorm Z1 Turbo,9.5,9.5,1.6,9.6,52,13,Donic
Donic Bluestorm Z2,9.2,8.9,2,8.8,48,17,Donic
Donic Bluestorm Z3,8.7,8.4,2.8,8.1,40,14,Donic
Donic Coppa,8.4,8.8,4,8.9,37,15,Donic
Donic Coppa JO,8.6,8.9,3,9,34,6,Donic
Donic Coppa JO Gold,9.2,8.7,3,8.9,38,25,Donic
Donic Coppa JO Platin,9.3,8.8,2,8.7,49,35,Donic
Donic Coppa JO Platin Soft,8.8,8.1,1.8,8.2,40,16,Donic
Donic Coppa JO Silver,8.6,8.8,2.5,8.8,45,28,Donic
Donic Coppa Speed,9.3,9,2.5,9.1,54,15,Donic
Donic Coppa Tagora,8.3,8.8,2.3,8.7,37,10,Donic
Donic Coppa Tenero,7.6,8.8,4,8.5,44,9,Donic
Donic Coppa X1 Gold,9.1,8.8,1.8,9.2,49,21,Donic
Donic Coppa X1 Turbo Platin,9.5,9.2,2,9.3,49,52,Donic
Donic Coppa X2 Platin Soft,8.7,9.1,2.2,9.2,54,25,Donic
Donic Coppa X3 Silver,8.4,9.2,1.9,9.1,55,19,Donic
Donic Desto F1,9.4,8.5,1.9,8.9,25,21,Donic
Donic Desto F1 HS,9.4,8,2.5,8.2,45,5,Donic
Donic Desto F1 Plus,9.1,9.2,1,9.3,58,5,Donic
Donic Desto F2,8.7,8.7,2,9.1,44,10,Donic
Donic Desto F3,7.3,8.4,1.5,8.5,39,17,Donic
Donic Desto F3 Big Slam,7.7,8.4,0.7,8.9,45,34,Donic
Donic Desto F4,8.8,8.8,0,7.9,37,2,Donic
Donic Energy 3000,9.1,9.5,5,9.1,15,1,Donic
Donic Gallardo Power Sound,10,10,10,10,44,2,Donic
Donic Gallardo Sound,7.8,9.3,5,8.4,44,4,Donic
Donic Gallardo Speed,8,8.3,2.8,8.3,44,4,Donic
Donic J.O. Waldner,8.2,8.8,3.1,9.4,37,11,Donic
Donic JO Waldner Legend,7.2,8.5,2,,22,1,Donic
Donic Liga,6.2,6.4,4,7.9,27,18,Donic
Donic Liga Plus,8,7,2,9,35,1,Donic
Donic QRC-Rubber 7000 Liga,,,,,25,0,Donic
Donic Quattro,7.1,7.1,1,7.3,38,4,Donic
Donic Quattro A'Conda Medium,6.4,6.5,0.7,7.6,36,4,Donic
Donic Quattro A'Conda Soft,6.7,8.7,2.8,9.3,31,13,Donic
Donic Quattro Formula,7.9,8.2,1.8,8.3,46,13,Donic
Donic Slice 40,6,8.8,1.7,8.8,44,12,Donic
Donic Slice 40 CD,6.4,7.4,4,5,43,2,Donic
Donic Solo,7,7.5,2,7.9,12,1,Donic
Donic Sonex JP,8.5,8.8,3,9.1,37,4,Donic
Donic Sonex JP Gold,9.1,8.7,2.4,8.9,35,33,Donic
Donic Sonex JP Soft,8.2,8.1,0.7,7.8,37,3,Donic
Donic Supersonic S40,6.8,7,5,9,27,3,Donic
Donic Traction II,8.5,9.3,5,9.2,54,1,Donic
Donic Traction MS Pro,9.3,9.3,2.4,9.3,60,10,Donic
Donic Traction MS Soft,8.9,9,5,8.9,60,8,Donic
Donic Twingo,6.6,7.5,3.4,8.1,10,9,Donic
Donic Twingo Plus,,,,,12,0,Donic
Donic Vario,7.7,7.3,2.2,8.5,32,10,Donic
Donic Vario Big Slam,7.6,8.4,0,8.8,42,18,Donic
Donic Vario Cooper S,8.6,8.8,5.7,8.7,37,3,Donic
Donic Vario Mach 1,9,8,2,7,36,1,Donic
Donic Vario Soft,7.6,7.7,1.1,7.8,31,7,Donic
Donic Vario Soft ST,10,10,,,39,1,Donic
Donic Vario Sound,9,8,2,8,59,1,Donic
Donic Vario ST (Tuned),7.9,8.8,0,7.6,38,1,Donic
Donier Black Spin,,,,,25,0,Donier
Donier Max Attack,8.2,7.3,1.9,8.3,25,7,Donier
Donier Ultimate Fighting,7.5,8,5,8,26,1,Donier
Double Fish 815,6.5,8.2,6.6,7.7,7,5,Double Fish
Double Fish 830,7.5,8.2,6,8.5,19,3,Double Fish
Double Fish A One (A1),7.8,7.3,2.8,8,14,5,Double Fish
Double Fish Athlon 1,8.9,9,8,5.5,9,1,Double Fish
Double Fish Athlon 2,8.9,9.1,3.5,9.2,31,2,Double Fish
Double Fish DOUBLE FISH VORTEX FC218 New,9.2,9,2,9.8,28,1,Double Fish
Double Fish FA213,,,,,9,0,Double Fish
Double Fish Hunting Shadow A-One,9,9,8,9,35,1,Double Fish
Double Fish Hunting Shadows 213 Rubber,8.8,9.3,2,8.8,20,2,Double Fish
Double Fish Hunting Shadows 232 Pro,9,9.3,,9,22,1,Double Fish
Double Fish Hunting Shadows 233 Pro,8.9,9.5,8,9.1,21,1,Double Fish
Double Fish Hunting Shadows 8338 Pro,9.2,9.1,2,9,17,2,Double Fish
Double Fish Prasidha 815,,,,,,0,Double Fish
Double Fish Prasidha 820B Anti-spin,,,,,,0,Double Fish
Double Fish Prasidha 830,8.3,8.3,8,8.4,,8,Double Fish
Double Fish QIJI Pro - OSMOSE INVERSE,9.4,9.2,10,9.3,29,1,Double Fish
Double Fish Volant,7.6,7.4,0,7.4,15,1,Double Fish
Double Fish Vortex FC218,8.5,7.5,5,8.2,22,1,Double Fish
DHS 6512,8.2,8.7,6,5.5,15,4,Double Happiness (DHS)
DHS Dhs C7,7,6,,9.4,,1,Double Happiness (DHS)
DHS DHS Hurricane 8 Mid,8.9,9.4,9,9.6,36,2,Double Happiness (DHS)
DHS Dipper,8,7.5,1.8,7.4,20,7,Double Happiness (DHS)
DHS Dipper 2,7.8,8.4,3.5,8,20,4,Double Happiness (DHS)
DHS Dipper 3,7,6.9,0,7,20,2,Double Happiness (DHS)
DHS G555,7.2,8.8,7.9,8.5,15,21,Double Happiness (DHS)
DHS G666,7.7,9.1,7.7,8.8,20,34,Double Happiness (DHS)
DHS G777,6.6,8.2,7.4,7.7,14,9,Double Happiness (DHS)
DHS G888,8.1,8.9,8.2,8.5,18,42,Double Happiness (DHS)
DHS Gold Arc,10,10,6,9.5,40,2,Double Happiness (DHS)
DHS Gold Arc 3,8.8,9.2,5.1,9.4,39,15,Double Happiness (DHS)
DHS Gold Arc 5,8.9,9.2,2.7,9.4,25,24,Double Happiness (DHS)
DHS Gold Arc 8,9.4,9.4,2.1,9.4,46,108,Double Happiness (DHS)
DHS Hurricane 2 (H2),8.5,9.3,8.6,8.8,14,75,Double Happiness (DHS)
DHS Hurricane 2 (No. 19 Sponge),8.7,9,6.9,8.8,18,10,Double Happiness (DHS)
DHS Hurricane 2 National (Signature),9.4,9.5,6.7,9.3,42,7,Double Happiness (DHS)
DHS Hurricane 3 (H3),8.1,8.9,8.2,8.6,22,119,Double Happiness (DHS)
DHS Hurricane 3 (H3) Pro (Tuned),8.7,9.3,7.6,8.9,55,10,Double Happiness (DHS)
DHS Hurricane 3 (National),8.1,9.4,7.9,8.7,35,18,Double Happiness (DHS)
DHS Hurricane 3 (No. 19 Sponge),7.7,9.2,8.1,8.6,18,21,Double Happiness (DHS)
DHS Hurricane 3 (Provincial),8.5,9.3,8.4,9.1,28,37,Double Happiness (DHS)
DHS Hurricane 3 National (Blue Sponge),9.3,9.6,8.3,9.5,92,45,Double Happiness (DHS)
DHS Hurricane 3 National (Orange Sponge),8.5,9.3,7.5,9,65,22,Double Happiness (DHS)
DHS Hurricane 3 Provincial (No. 22 Blue Sponge),9.2,9.5,7.4,9.4,65,30,Double Happiness (DHS)
DHS Hurricane 3-50,8,8.9,8.3,8.7,29,22,Double Happiness (DHS)
DHS Hurricane 3-50 Soft,8,8.7,7.9,8.4,40,11,Double Happiness (DHS)
DHS Hurricane 8,8.5,9.3,8.1,9.2,45,55,Double Happiness (DHS)
DHS Hurricane 8 Hard,8.7,9.3,7.9,9.2,32,23,Double Happiness (DHS)
DHS Hurricane Neo 3,,,,,22,0,Double Happiness (DHS)
DHS Hurricane Neo 3 Provisional,,,,,,0,Double Happiness (DHS)
DHS Ma Long,8.3,10,10,9.9,100,3,Double Happiness (DHS)
DHS Magician,9.2,10,10,9.2,22,3,Double Happiness (DHS)
DHS Memo,8.5,9.4,6.8,9.1,20,23,Double Happiness (DHS)
DHS Memo 2,8.1,8.8,2.9,9,14,7,Double Happiness (DHS)
DHS Memo 3,7.9,7.9,4.4,8.2,14,13,Double Happiness (DHS)
DHS NEO Hurricane 2,8.4,9.3,8.3,8.6,22,41,Double Happiness (DHS)
DHS NEO Hurricane 3,8.5,9.3,8.1,8.9,22,250,Double Happiness (DHS)
DHS NEO Hurricane 3 National (Blue Sponge),9.2,9.4,7.5,9.4,90,31,Double Happiness (DHS)
DHS NEO Hurricane 3 Provincial (Blue Sponge),8.1,8.9,8.5,8.8,70,13,Double Happiness (DHS)
DHS NEO Hurricane 3 Provincial (Orange Sponge),8.7,9.4,7.6,9.3,65,45,Double Happiness (DHS)
DHS NEO Provincial H3 (Blue Sponge),,,,,50,0,Double Happiness (DHS)
DHS NEO Provincial H3 (Orange Sponge),8.7,9.7,10,9.8,65,2,Double Happiness (DHS)
DHS NEO Skyline 2 TG2,8.4,9.2,8,8.9,25,104,Double Happiness (DHS)
DHS NEO Skyline 3 TG3,8.5,9.1,7.5,9,17,87,Double Happiness (DHS)
DHS PF4,6.6,8.3,6.3,8.1,14,22,Double Happiness (DHS)
DHS PF4 40+,7.5,8.5,7.2,8.4,10,18,Double Happiness (DHS)
DHS PF4 New,7.8,8.5,8,6,11,2,Double Happiness (DHS)
DHS PF4-1,7.1,7.8,5.8,7.9,20,7,Double Happiness (DHS)
DHS Skyline,,,,,,0,Double Happiness (DHS)
DHS Skyline 2 Provincial Blue Sponge,9.7,9.8,10,10,56,1,Double Happiness (DHS)
DHS Skyline 3-60 Hard,,,,,30,0,Double Happiness (DHS)
DHS Skyline 3-60 Mid Hard,8.5,8.9,6.2,9.1,30,23,Double Happiness (DHS)
DHS Skyline 3-60 Soft,8.1,8.7,6.9,8.9,24,8,Double Happiness (DHS)
DHS Skyline TG2,7.5,8.6,7.1,7.9,17,21,Double Happiness (DHS)
DHS Skyline TG2 (No. 19 Sponge),7.9,8.4,7.2,8.2,15,11,Double Happiness (DHS)
DHS Skyline TG3,8.6,9,8.2,8.9,20,55,Double Happiness (DHS)
DHS Skyline TG3 (No. 21 Blue Sponge),8.8,9.4,6.8,9,18,13,Double Happiness (DHS)
DHS Tin Arc,8.3,8.5,2.5,8.8,38,22,Double Happiness (DHS)
DHS Tin Arc 3,8.6,8.9,4.2,8.8,32,54,Double Happiness (DHS)
DHS Tin Arc 3 Soft,9.5,10,2,10,43,1,Double Happiness (DHS)
DHS Tin Arc 5,8.6,8.8,4.9,9,40,18,Double Happiness (DHS)
DHS Tin Arc 5 Soft,8.8,9.2,2,9.1,35,1,Double Happiness (DHS)
DHS TNT,7.6,7.3,3,7.9,20,9,Double Happiness (DHS)
Dr. Neubauer A-B-S 2,5.5,3.5,0,8.8,47,2,Dr. Neubauer
Dr. Neubauer ABS Anti,6.4,4.7,3,8.7,65,7,Dr. Neubauer
Dr. Neubauer Anti Special,4.8,4.3,2.5,5.3,48,4,Dr. Neubauer
Dr. Neubauer Bison,,,,,51,0,Dr. Neubauer
Dr. Neubauer Bison Plus,,,,,49,0,Dr. Neubauer
Dr. Neubauer Buffalo,,,,,55,0,Dr. Neubauer
Dr. Neubauer Buffalo Plus,,,,,49,0,Dr. Neubauer
Dr. Neubauer Django,,,,,45,0,Dr. Neubauer
Dr. Neubauer Domination,8.1,9.1,4.3,9,51,5,Dr. Neubauer
Dr. Neubauer Domination Speed 2,9.4,9.3,8,9.3,40,3,Dr. Neubauer
Dr. Neubauer Domination Speed Soft,7.5,8.5,2,9,40,1,Dr. Neubauer
Dr. Neubauer Goliath Speed II,9.5,9.7,1.5,9.6,25,4,Dr. Neubauer
Dr. Neubauer Gorilla,,,,,39,0,Dr. Neubauer
Dr. Neubauer Grizzly Anti (ABS sponge),5.5,4,0,9,60,1,Dr. Neubauer
Dr. Neubauer Leopard,,,,,,0,Dr. Neubauer
Dr. Neubauer Power Attack,,,,,50,0,Dr. Neubauer
Dr. Neubauer Rhino,6,3,0,9.4,49,1,Dr. Neubauer
Dr. Neubauer Rhino Plus,,,,,49,0,Dr. Neubauer
Dr. Neubauer Special Defence,7,9,2,8,50,2,Dr. Neubauer
Dr. Neubauer Tarantula,,,,,58,0,Dr. Neubauer
Eastfield A Soft,,,,,20,0,Eastfield
Friendship/729 40H,7.5,7.8,9,5,14,3,Friendship/729
Friendship/729 40S,7.2,7.7,6.6,8,14,10,Friendship/729
Friendship/729 729,8.1,9.2,6.7,8.7,10,20,Friendship/729
Friendship/729 729 OEM,8.3,8.3,5.8,8.8,5,12,Friendship/729
Friendship/729 729 SST (HaoShuai),8.1,8.7,8,8.3,14,2,Friendship/729
Friendship/729 729 Transcend,8.4,9,7.6,8.7,14,9,Friendship/729
Friendship/729 729-08,8.5,9.2,7.4,8.9,13,29,Friendship/729
Friendship/729 729-08 ES,8.3,8.6,4.9,8.8,22,21,Friendship/729
Friendship/729 729-08 Pro,8.8,9.5,4,9.6,39,5,Friendship/729
Friendship/729 729-08 Provincial Tuned,8.7,9.1,7.7,9.1,38,7,Friendship/729
Friendship/729 729-2 Sensor,8.7,8.6,3.6,8.7,14,28,Friendship/729
Friendship/729 729-2 Transcend,,,,,17,0,Friendship/729
Friendship/729 729-3 Japan OEM 2.10mm,8.5,8.5,2,9,7,1,Friendship/729
Friendship/729 729-3 Transcend,8.1,9.4,6.8,9.2,14,8,Friendship/729
Friendship/729 729-5,8.8,8.7,3.5,8.8,14,56,Friendship/729
Friendship/729 802-40 Mystery 3,8.1,5,2,7.3,14,2,Friendship/729
Friendship/729 804 (Anti-spin),4.9,3.6,0.2,7.7,10,22,Friendship/729
Friendship/729 Aurora,9.1,9,1.4,8.6,18,24,Friendship/729
Friendship/729 Aurora Max PRO,9,8.6,1,7.8,12,2,Friendship/729
Friendship/729 Battle I,8.8,8.5,0.8,9,19,8,Friendship/729
Friendship/729 Battle II,8.7,9.2,8.9,9.1,30,41,Friendship/729
Friendship/729 Battle II  Provincial Blue Sponge,9.2,9.3,8.5,9.4,38,4,Friendship/729
Friendship/729 Battle II Provincial (Battle 2 Provincial),8.3,9.2,8.2,9,37,9,Friendship/729
Friendship/729 Bloom Arc,9.2,9.1,8,10,20,1,Friendship/729
Friendship/729 Bloom Power,9,9,8.6,9.2,15,12,Friendship/729
Friendship/729 Bloom Speed,8.7,8.7,7.8,8.7,15,6,Friendship/729
Friendship/729 Bloom Spin,8,8.7,5,8.1,15,3,Friendship/729
Friendship/729 Cream on Magic Red Sponge (MRS),7.4,8.5,5.3,8.3,14,9,Friendship/729
Friendship/729 Cream Transcend,7.9,8.1,5,8.3,11,58,Friendship/729
Friendship/729 Cross Blue Sponge,8,8.7,8,8.8,15,3,Friendship/729
Friendship/729 Cross Universal Pips-In,8,8,5,8,10,1,Friendship/729
Friendship/729 Faster (Fenghun),8.8,8.9,7.1,8.7,14,23,Friendship/729
Friendship/729 Faster 2 (Fenghun 2),8.5,8.5,6,7,14,2,Friendship/729
Friendship/729 Faster 3 (Fenghun 3),8.9,8.8,6.2,8.9,14,17,Friendship/729
Friendship/729 Faster ESN (Fenghun ESN),8.8,9,6.3,8.6,14,7,Friendship/729
Friendship/729 Focus 1,6.9,8.5,5.1,8.2,14,19,Friendship/729
Friendship/729 Focus 2,8.8,8.7,4.9,9,14,9,Friendship/729
Friendship/729 Focus 3,7.2,7.8,1.8,8,14,15,Friendship/729
Friendship/729 Focus 3 Pre Energy Aggregation,,,,,12,0,Friendship/729
Friendship/729 Focus 3 Snipe,8.6,8.3,1.6,8.8,15,129,Friendship/729
Friendship/729 Focus3 Plus,8,9,2,8,13,1,Friendship/729
Friendship/729 Friendship Cross,7.4,7.5,4,7.2,14,4,Friendship/729
Friendship/729 FX EL Super Soft,6.5,8,5.2,7.5,12,41,Friendship/729
Friendship/729 FX Lightening (Lightning),7.4,8.2,5.6,8.2,20,15,Friendship/729
Friendship/729 FX-C,7.1,8.8,8.7,9.1,10,4,Friendship/729
Friendship/729 General (Cross sponge),7.4,7.9,5.9,8,6,24,Friendship/729
Friendship/729 Geospin,7,8.2,4.1,8.3,14,7,Friendship/729
Friendship/729 GeoSpin Tacky,7.1,9.1,6.7,8.4,14,33,Friendship/729
Friendship/729 God-Favored (SP),7.8,8.9,8,9.3,14,3,Friendship/729
Friendship/729 God-Favored (SST),8.7,8.7,5.8,8.2,14,6,Friendship/729
Friendship/729 HERO Cream,,,,,14,0,Friendship/729
Friendship/729 Higher,8.2,9,6.7,8.6,14,44,Friendship/729
Friendship/729 Higher 2,8,8.7,4.6,7.6,14,5,Friendship/729
Friendship/729 Higher 3,8.1,8.7,5.5,8.6,14,12,Friendship/729
Friendship/729 Highpoint,8.9,8.6,2,8.7,25,8,Friendship/729
Friendship/729 New Cream,8,9.5,5,9.5,16,2,Friendship/729
Friendship/729 Origin,7.4,8.8,7,8.9,14,9,Friendship/729
Friendship/729 Origin Premium,7,9.5,8,9,18,1,Friendship/729
Friendship/729 Pando,8.5,7.5,0,7,27,1,Friendship/729
Friendship/729 Presto Speed,8.6,8.8,2,9.2,27,1,Friendship/729
Friendship/729 Presto Spin,8.5,9,1,8.5,25,2,Friendship/729
Friendship/729 Presto Spin Max,7.9,8.8,0.7,9.8,22,3,Friendship/729
Friendship/729 RITC 2000 Tack Speed,8.3,8.9,6,8.8,14,26,Friendship/729
Friendship/729 RITC 2000 Tack Speed MRS,8,9,5,9.5,14,2,Friendship/729
Friendship/729 RITC 729-40S,7,8.5,5,9,25,1,Friendship/729
Friendship/729 Sky Wing,7.3,8.3,5.4,8.6,14,14,Friendship/729
Friendship/729 SP Transcend,7.9,8.9,7.8,8.5,14,23,Friendship/729
Friendship/729 SST Cross,7.3,7.3,5.3,7.3,10,9,Friendship/729
Friendship/729 SST Pro Team,8.6,9.2,7,8.9,14,4,Friendship/729
Friendship/729 Super FX,7.2,8.4,6.8,8.1,15,82,Friendship/729
Friendship/729 Super FX Blue Sponge,7.5,8.3,6,8.4,13,18,Friendship/729
Friendship/729 Super FX GuoYuehua (Blue Sponge) 729-020,8.4,9.2,5.8,9.1,19,4,Friendship/729
Friendship/729 Super T,,,,,4,1,Friendship/729
Friendship/729 Top Point,8.5,8.7,6.5,8.2,38,2,Friendship/729
Friendship/729 Visnatura,8.8,8.6,2.3,8.5,38,3,Friendship/729
Friendship/729 Xi EnTing,8,8.7,5,8.3,14,10,Friendship/729
Friendship/729 Yudo (Judo),8,8.8,6.3,8.7,14,5,Friendship/729
Galaxy 9000 3 Star,9.2,9.2,6.8,9.2,10,19,Galaxy (Yinhe/Milkyway)
Galaxy 9000 Series 2,8.3,8.6,4.3,8.2,11,5,Galaxy (Yinhe/Milkyway)
Galaxy 9000D,7.5,8.8,8.3,8.3,10,7,Galaxy (Yinhe/Milkyway)
Galaxy 9000E,7.5,9,6,7.9,7,4,Galaxy (Yinhe/Milkyway)
Galaxy Apollo,8.1,9,7.6,8.6,20,21,Galaxy (Yinhe/Milkyway)
Galaxy Apollo 5,9.2,9.5,4.6,9.3,29,15,Galaxy (Yinhe/Milkyway)
Galaxy Apollo II,8.5,8.8,2.8,8.8,17,6,Galaxy (Yinhe/Milkyway)
Galaxy Apollo III,8.2,9.2,8.6,8.3,19,10,Galaxy (Yinhe/Milkyway)
Galaxy Big Dipper,8.5,8.8,5.2,8.7,25,34,Galaxy (Yinhe/Milkyway)
Galaxy Big Dipper IV,6.5,7,8,6,18,1,Galaxy (Yinhe/Milkyway)
Galaxy Earth,7.4,9,7.7,8.4,13,6,Galaxy (Yinhe/Milkyway)
Galaxy Earth 2,8.8,8.5,5,9,18,5,Galaxy (Yinhe/Milkyway)
Galaxy Jupiter,8.7,9.2,4.8,8.9,21,8,Galaxy (Yinhe/Milkyway)
Galaxy Jupiter II,8.6,8.4,6.7,8.4,16,13,Galaxy (Yinhe/Milkyway)
Galaxy M-Star,7.5,9.5,5,9.1,15,1,Galaxy (Yinhe/Milkyway)
Galaxy Mars,8,8.3,5.6,8.5,12,5,Galaxy (Yinhe/Milkyway)
Galaxy Mars V2,8.6,8.4,2,8.5,13,29,Galaxy (Yinhe/Milkyway)
Galaxy Mercury,6.7,7.7,3.4,7.3,6,5,Galaxy (Yinhe/Milkyway)
Galaxy Mercury II,8.6,8.9,6.2,8.8,8,72,Galaxy (Yinhe/Milkyway)
Galaxy Mercury III EURO,9.3,9.2,0.8,9.4,13,5,Galaxy (Yinhe/Milkyway)
Galaxy Moon,8.7,8.6,1.9,8.8,16,62,Galaxy (Yinhe/Milkyway)
Galaxy Moon Pro,9,9.3,6,9.2,30,38,Galaxy (Yinhe/Milkyway)
Galaxy Moon Speed,8.6,8,2.5,8.7,18,16,Galaxy (Yinhe/Milkyway)
Galaxy Saturn,8.3,9,6.5,9.6,29,4,Galaxy (Yinhe/Milkyway)
Galaxy Saturn Pro,8.6,9.3,5.8,8.8,20,9,Galaxy (Yinhe/Milkyway)
Galaxy Sun,9,9,2,9,16,36,Galaxy (Yinhe/Milkyway)
Galaxy Sun Pro,9,9.3,7.4,9.2,30,8,Galaxy (Yinhe/Milkyway)
Galaxy Venus,8,8.3,3.6,7.9,16,16,Galaxy (Yinhe/Milkyway)
Galaxy Venus 2,8.4,8.8,7.4,9.2,15,21,Galaxy (Yinhe/Milkyway)
Galaxy Venus 3,8.5,8.8,8,8.8,20,2,Galaxy (Yinhe/Milkyway)
Gambler 9,,,,,14,0,Gambler
Gambler 9 Ultra Tack,8.5,8.7,5,8.5,14,1,Gambler
Gambler Aces,8.2,8.1,6,8.2,14,6,Gambler
Gambler Aces Pro,6,5,2,5,14,1,Gambler
Gambler Big Gun,8.8,8.8,2,8.5,14,1,Gambler
Gambler Big Gun (Thors Hammer Sponge),,,,,14,0,Gambler
Gambler Big Gun Oh-Toro,,,,,15,0,Gambler
Gambler Burst,8.4,8.9,6,8.9,14,3,Gambler
Gambler Burst (Thors Hammer Sponge),9,9,8,9,14,2,Gambler
Gambler Burst Oh-Toro,,,,,15,0,Gambler
Gambler Four Kings,6.7,8.1,5.8,8.1,14,8,Gambler
Gambler Four Kings Pro,,,,,14,0,Gambler
Gambler GXM (White Sponge),,,,,14,0,Gambler
Gambler Mech-Tek Predator,9,9.5,0,9.5,14,3,Gambler
Gambler Mech-Tek Predator Oh-Toro,,,,,15,0,Gambler
Gambler Nine Ultra Tack,9.3,9.5,5,9.3,14,2,Gambler
Gambler Outlaw (Lavender Sponge Tuned),8.1,7.8,1.3,8,14,8,Gambler
Gambler Outlaw (Soft Yellow Sponge Tuned),7.8,8.5,10,9.3,14,1,Gambler
Gambler Outlaw (Tuned),8.9,8.2,1.6,8.3,14,40,Gambler
Gambler Outlaw Pro,,,,,22,0,Gambler
Gambler Reflectoid,5.4,8,7.2,8.5,14,23,Gambler
Gambler Sevens Pro,8.5,8.5,5,8.5,14,1,Gambler
Gambler Shadow,6,8,6.5,7.8,14,2,Gambler
Gambler Six Shooter,7.2,7.3,1,7.8,14,7,Gambler
Gambler Six Shooter (Pre-Tuned),6.9,6.8,1.6,5.7,14,6,Gambler
Gambler Six Shooter AMP Classic,,,,,14,0,Gambler
Gambler Six Shooter AMP Lavender,8,8,0,6,14,1,Gambler
Gambler Six Shooter AMP Soft,,,,,14,0,Gambler
Gambler Six Shooter Magnum,8,8,0,8,14,1,Gambler
Gambler Six Shooter Pro,,,,,22,0,Gambler
Gambler Volt-T Oh-Toro,,,,,18,0,Gambler
Gambler Wraith (Wrath),8.3,8.4,6.1,8.7,14,9,Gambler
Gambler X3 Diamond,,,,,14,0,Gambler
Gambler X3 Diamond Gearz,,,,,14,0,Gambler
Gambler X3 Diamond Oh-Toro,,,,,15,0,Gambler
Gambler Zero,8.1,8.1,2,8.7,14,1,Gambler
Gambler Zero (Blue Diamond Sponge),,,,,14,0,Gambler
Gambler Zero (Thors Hammer Sponge),,,,,14,0,Gambler
Gewo CS Powerspeed,,,,,23,0,Gewo
Gewo Flexxon,9.2,9.4,2.5,9.5,58,23,Gewo
Gewo Flexxon FX,9,9.2,1.3,9.3,58,15,Gewo
Gewo Flexxon Soft,8.7,9.4,1.7,9.3,58,12,Gewo
Gewo Hype EL Pro 40.0,8.6,9.4,0.9,9.2,52,20,Gewo
Gewo Hype EL Pro 42.5,9,9.3,1.2,9.2,52,23,Gewo
Gewo Hype EL Pro 47.5,9.2,9.1,0.6,9,44,27,Gewo
Gewo Hype KR Pro 47.5,9.5,9.5,2.2,9.4,30,21,Gewo
Gewo Hype XT Pro 40.0,8.5,9.3,1.1,9.2,48,20,Gewo
Gewo Hype XT Pro 50.0,9.3,9.3,2.4,9.4,48,25,Gewo
Gewo Mega Flex Control,7.4,8.7,0.4,9.2,35,12,Gewo
Gewo Nano F Speed,,,,,50,0,Gewo
Gewo Nano S Speed,6,9,10,8,50,1,Gewo
Gewo Nano S Speed Control,,,,,50,0,Gewo
Gewo Nano X-Speed,,,,,50,0,Gewo
Gewo NanoFLEX FT40,8.6,9.4,1.2,9.4,60,20,Gewo
Gewo NanoFLEX FT45,9.1,9.5,0.7,9.4,45,14,Gewo
Gewo NanoFlex FT48,9.4,9.4,0.9,9.4,55,24,Gewo
Gewo Neoflexx EFT 40,6.7,8.9,2,9.4,,11,Gewo
Gewo Neoflexx EFT 45,7.2,8.8,2.8,9.3,,10,Gewo
Gewo Neoflexx EFT 48,7.9,9.5,2,9.4,32,17,Gewo
Gewo Nexxus EL Pro 38,8.5,9.2,1.1,9.2,53,17,Gewo
Gewo Nexxus EL Pro 43,9,9.4,0.8,9.4,45,17,Gewo
Gewo Nexxus EL Pro 48,9.4,9.3,1.4,9.3,45,19,Gewo
Gewo Nexxus EL Pro 50 Hard,9.4,9.4,0.3,9.4,49,9,Gewo
Gewo Nexxus EL Pro 53 Hard,9.4,9.1,0.8,9.2,60,13,Gewo
Gewo Nexxus XT Pro 48,9.5,9.4,1.5,9.3,55,17,Gewo
Gewo Nexxus XT Pro 50 Hard,9.5,9.1,0.8,9.4,60,9,Gewo
Gewo Proton Neo 325,8,9.3,0.3,9.4,42,12,Gewo
Gewo Proton Neo 375,8.6,9.3,0.4,9.4,42,11,Gewo
Gewo Proton Neo 450,9.1,9.4,0,9.4,40,12,Gewo
Gewo Proton Neo 475,9.4,9.5,0,9.4,,10,Gewo
Gewo Proton XP 325 Soft,8,8.5,0,,50,1,Gewo
Gewo Proton XP 385 Sound,7.7,7.3,1.7,7.3,50,3,Gewo
Gewo Proton XP 450 Turbo,9,8.5,2.5,8.5,50,2,Gewo
Gewo Reflexx Soft,8.2,8.7,2.7,8.6,55,3,Gewo
Gewo Reflexx Sound,9,8.9,3,9.2,55,3,Gewo
Gewo Reflexx Speed,9.1,8.4,1.3,8.9,55,3,Gewo
Gewo Return Drive,6.5,9.7,10,7,,1,Gewo
Gewo Return Pro,,,,,,0,Gewo
Gewo Stratos V2 Energy,8.9,7.5,2,,59,1,Gewo
Gewo Stratos V2 Sound,9,8.9,0,,59,1,Gewo
Gewo Target airTEC,9.2,9,5,8.6,37,2,Gewo
Gewo Target AirTEC FX,,,,,38,0,Gewo
Gewo Target airTEC L,7.4,8.9,2,9,24,4,Gewo
Gewo Target airTEC Ultra Klick,,,,,40,0,Gewo
Gewo Target Energy Clic,,10,,,43,1,Gewo
Gewo Thunderball²,7.5,9.1,5,9.3,15,3,Gewo
Giant Dragon 8088,7.8,8.7,3.5,8.8,23,3,Giant Dragon
Giant Dragon Allround,7.6,8.7,5,9.1,18,6,Giant Dragon
Giant Dragon Guard,5.8,1.3,0,8,20,2,Giant Dragon
Giant Dragon Guard Special,6.1,2.1,0,9,50,3,Giant Dragon
Giant Dragon Guard Super Anti,5.5,4,2,8,30,1,Giant Dragon
Giant Dragon Karate Hard,9.1,8.7,2.1,9,18,7,Giant Dragon
Giant Dragon Karate Soft,8.5,8.6,4.5,8.7,18,8,Giant Dragon
Giant Dragon Karate Soft Purple Sponge (National),10,9.3,5,9.5,5,2,Giant Dragon
Giant Dragon Maxspin,8,8,,8,25,1,Giant Dragon
Giant Dragon Soft Anti,,,,,20,0,Giant Dragon
Giant Dragon Storm National Team,9.4,9.6,4,9.5,60,3,Giant Dragon
Giant Dragon Storm Soft,8.5,9.5,6,9.4,19,3,Giant Dragon
Giant Dragon Submarine,6.4,8.3,5.6,8.6,16,19,Giant Dragon
Giant Dragon Superspin,8.8,9.5,2,9.5,27,1,Giant Dragon
Giant Dragon Superspin G2,7.5,5,2,6,,2,Giant Dragon
Giant Dragon SuperSpin G3 (H45 Tuned),,,,,,0,Giant Dragon
Giant Dragon SuperSpin G3 Gold,7.5,8.9,8,8.5,22,1,Giant Dragon
Giant Dragon SuperSpin G3 Hard,9,8.9,4,8.6,28,6,Giant Dragon
Giant Dragon Superspin G3 Platinum,,,8,,18,1,Giant Dragon
Giant Dragon Superspin G3 S2,8,9.5,8,8.5,18,2,Giant Dragon
Giant Dragon SuperSpin G3 Silver,8.3,9,5,8.2,18,1,Giant Dragon
Giant Dragon SuperSpin G3 Soft,8.4,9.3,7.5,9,25,12,Giant Dragon
Giant Dragon SuperSpin G4 (S30),8.4,8.5,2,8.3,,1,Giant Dragon
Giant Dragon SuperSpin G4 H45,,,,,,0,Giant Dragon
Giant Dragon SuperSpin G4 H48,,,,,20,0,Giant Dragon
Giant Dragon SuperSpin G4 M36,,,,,,0,Giant Dragon
Giant Dragon Superspin G4 M38,,,,,20,0,Giant Dragon
Giant Dragon SuperSpin G4 S32,8.7,8.2,0,8.5,20,1,Giant Dragon
Giant Dragon Superveloce V12 FX,9.2,9,1.6,9,15,9,Giant Dragon
Giant Dragon Superveloce V12 Sound,9,9.2,0,9.2,13,1,Giant Dragon
Giant Dragon TaiChi Hard,8.5,8.5,5,8.8,18,2,Giant Dragon
Giant Dragon TaiChi Soft,8.1,8.4,4,8.5,18,5,Giant Dragon
Giant Dragon TopENERGY Hard,9.4,9.4,8.1,8.8,22,7,Giant Dragon
Giant Dragon TopENERGY Soft,7.8,9.4,4.8,8.4,25,13,Giant Dragon
Giant Dragon TopENERGY V1,,,,,15,0,Giant Dragon
Giant Dragon TopEnergy V2,7.5,8.7,5,8.3,15,3,Giant Dragon
GKI Chelonz Hybridz,7.9,7.4,4.4,8.2,36,8,GKI
GKI Euro Chelonz,7.6,6.9,0.4,6.8,30,7,GKI
GKI Euro Jumbo,7.7,7.7,5,8.6,27,5,GKI
GKI Euro Spintech,8,8.4,2.5,8.1,17,7,GKI
GKI Euro-XX,7.7,7.5,3.3,8.4,16,16,GKI
GKI Hybridz GX,,,,,40,0,GKI
GKI Hybridz GX 2018,9,10,2,9.5,40,1,GKI
GKI Nano Force,8,8,7.5,8,12,2,GKI
Globe 999,7.9,9,6,8.6,8,35,Globe
Globe 999 National,7.8,9.3,6.3,9.2,15,33,Globe
Globe 999 On Air Lemon Sponge,8.5,9.8,8,9.5,12,1,Globe
Globe 999T,7.8,8.6,7.3,8.1,10,10,Globe
Globe Awala Tension,,,,,,0,Globe
Globe Gold Whirlwind (Japanese Sponge),,,,,14,0,Globe
Globe Gold Whirlwind (Soft HQ Sponge),8,10,8,,14,1,Globe
Globe LiQin Japan Sponge,8.5,8.9,6,8.9,,3,Globe
Globe Magic Wand,,,,,15,0,Globe
Globe Prize Li Qin (LQ),8.8,8,2,,14,2,Globe
Globe Taiphoon Gold,7.5,9,6.5,9,14,3,Globe
Goldway 916 Destroyer,6.5,7.5,5,6.5,14,1,Goldway
Goldway 968 Stinger,,,,,14,0,Goldway
Guo Qiu Future Fighter,8.1,8.3,6.8,7.4,10,9,Guo Qiu
Guo Qiu Gong Fu,,,,,14,0,Guo Qiu
Haifu Blue Whale,9.3,9.1,5,9.3,22,4,Haifu
Haifu Blue Whale 2 (soft),8,10,7.5,,20,2,Haifu
Haifu Blue Whale II (2) (Tuned),8.5,7.8,3.7,8.3,23,10,Haifu
Haifu Blue Whale II (2) (Untuned),8.2,9,8,9.1,23,4,Haifu
Haifu Blue Whale II (2) National (Tuned),8.1,8.6,5.8,8.5,40,4,Haifu
Haifu Blue Whale II (2) Provincial (Tuned),9.1,9.2,6.3,9,27,8,Haifu
Haifu Blue Whale III (3) (Tuned),7.5,8.8,6.2,8.5,40,20,Haifu
Haifu Pirates 07,,,,,,0,Haifu
Haifu Pirates 08,,,,,,0,Haifu
Haifu Shark II Soft,9.2,9,2.4,9.1,35,6,Haifu
Haifu Shark III (Red Sponge),9.5,9,2.3,9.1,60,4,Haifu
Haifu Whale II National (Red Sponge),9.8,9.5,7.5,9.5,,2,Haifu
Haifu Whale III (Purple Sponge) Factory Tuned,8.6,8.6,8.7,8.5,50,3,Haifu
Haifu White Shark,8.7,8.1,2,7.7,21,5,Haifu
Haifu White Shark II (2) (Tuned),8.7,8.1,2.2,9.4,26,13,Haifu
Haifu White Shark II (2) (Untuned),8,8.5,0,,22,1,Haifu
Hallmark Green Power,8,8,2,8,,1,Hallmark
Hallmark Mirage,7,0,0,9,40,1,Hallmark
Hallmark Podium,,,,,,0,Hallmark
Huaruite Wujilong,8.5,8,2,8.8,13,1,Huaruite
Huaruite Wujilong R2,7.9,8.8,3.5,,17,2,Huaruite
Imperial 20 One 11,7.6,7.9,0,8.6,20,3,Imperial
Imperial 20 One 45,7.5,10,2,9.1,20,1,Imperial
Imperial Caber Tacky Japan Hard,,,,,15,0,Imperial
Imperial China Classic,,,,,6,0,Imperial
Imperial China Classic Orange Sponge,7.3,8.8,7.7,9.3,7,3,Imperial
Imperial China Classic Special Sponge,5,8,8,8,8,1,Imperial
Imperial Crash,,,,,30,0,Imperial
Imperial Cyber Tacky Japan Medium,7.9,9.1,5,9.5,15,1,Imperial
Imperial Cyber Tacky Japan Soft,7.5,9.1,5,9.4,15,1,Imperial
Imperial Force,,,,,30,0,Imperial
Imperial Force Speed Tension,,,,,40,0,Imperial
Imperial Super Strike,6.3,9.5,1.3,9,30,4,Imperial
Imperial Swift,8.3,8.4,1,8.3,30,4,Imperial
ITC POWERCELL MP,9.5,9.5,2,9.5,53,1,ITC
ITC POWERCELL MP 45,9.5,9.5,2,9.5,53,1,ITC
ITC POWERCELL RS,9.5,9.7,2,9.6,53,2,ITC
ITC POWERCELL RS 45,9.2,9.4,1,9.7,53,2,ITC
ITC Powercell Ultra 48,,,,,57,0,ITC
Japtec All-Around Balance,,,,,11,0,Japtec
Japtec Experience,2,2,,,,1,Japtec
Japtec Performance,7.5,6,,,19,1,Japtec
JOOLA 4 You,6.7,7.3,0.5,8.6,20,10,JOOLA
JOOLA 4-All,6.1,6.2,0.3,8.6,20,8,JOOLA
JOOLA Air! ROSnet,8.9,8,2,8.5,25,10,JOOLA
JOOLA Amy Classic (Anti-spin),5.5,5.7,,,55,2,JOOLA
JOOLA Amy Control (Anti-spin),6,1.7,0,6,55,6,JOOLA
JOOLA Axxess,6.9,7.3,0,8.3,35,1,JOOLA
JOOLA Brave,8.2,8.8,4.9,8.2,50,7,JOOLA
JOOLA Cava,8.8,8.6,6.5,8.5,40,2,JOOLA
JOOLA Drum,8.8,9.4,7.6,9.2,33,7,JOOLA
JOOLA Drum CWX,7.5,9.2,10,8.5,27,2,JOOLA
JOOLA DYNARYZ ACC,9.4,9.6,2,9.6,65,6,JOOLA
JOOLA DYNARYZ AGR,9.7,9.6,2.3,9.4,65,3,JOOLA
JOOLA Echo,7,7,2,8,30,1,JOOLA
JOOLA Energy,7.3,7.6,3.5,8,50,2,JOOLA
JOOLA Energy 325,,,,,49,0,JOOLA
JOOLA Energy Green Power,9,8.5,1.5,9,54,16,JOOLA
JOOLA Energy Green Power X-Soft,8.1,8.4,2,8.6,44,8,JOOLA
JOOLA Energy X-tra (Green Power),8.3,8.5,1.3,9,57,38,JOOLA
JOOLA Express One,9.4,8.8,2.3,9.3,55,41,JOOLA
JOOLA Express Two,8.6,9,2.2,9,65,23,JOOLA
JOOLA Express Ultra,9,6,2,,55,1,JOOLA
JOOLA Express X-plode,9.2,8.8,4.5,9,54,14,JOOLA
JOOLA Express X-Soft,7.7,8.3,0.9,7.9,52,7,JOOLA
JOOLA Fiesta,5,5,0,6,,1,JOOLA
JOOLA Golden Tango PS,8.8,9.4,5.6,9.2,45,5,JOOLA
JOOLA Laser,7,9,0,,,1,JOOLA
JOOLA Mambo,8.1,8.1,2.4,8,37,13,JOOLA
JOOLA Mambo C,9.2,8.6,3.4,9.1,35,9,JOOLA
JOOLA Mambo GP,8.7,7.8,0.8,8.3,48,8,JOOLA
JOOLA Mambo H,8.1,9,4,9,38,24,JOOLA
JOOLA Mambo H Tuning,,,,,47,0,JOOLA
JOOLA Mambo Tuning,,,,,47,0,JOOLA
JOOLA Maxxx 400,9.2,9.3,3.3,9.2,59,8,JOOLA
JOOLA Maxxx 450,9.1,9.1,0.6,9.3,60,12,JOOLA
JOOLA Maxxx 500,9.4,9.3,2.5,9.4,41,16,JOOLA
JOOLA MAXXX-P,9.2,9.3,2.3,9.4,46,26,JOOLA
JOOLA Moskito,,,,5,30,1,JOOLA
JOOLA Moskito M40,,,,,30,0,JOOLA
JOOLA Moskito S35,,,,,30,0,JOOLA
JOOLA Novic,,,,,39,1,JOOLA
JOOLA Orbit ICU,8.5,8,0,8,33,1,JOOLA
JOOLA Phenix (Phoenix),9.2,8.3,2.5,9.1,45,14,JOOLA
JOOLA Phenix 48,8.8,8,1,8.5,59,2,JOOLA
JOOLA Rhyzer 43,8.9,9.1,0.8,9,58,6,JOOLA
JOOLA Rhyzer 48,9.2,9,0.3,8.7,58,9,JOOLA
JOOLA Rhyzer Pro 45,9.2,9.3,2,9.2,60,2,JOOLA
JOOLA Rhyzer Pro 50,9.4,9.4,0.3,9.1,58,6,JOOLA
JOOLA Rhyzm,9.1,9.1,2.3,9.2,40,34,JOOLA
JOOLA Rhyzm 375,9.2,9.3,5,8.7,64,4,JOOLA
JOOLA Rhyzm 425,8.8,9.1,2.5,9.1,65,9,JOOLA
JOOLA Rhyzm Tech,9,9.3,3.3,8.8,65,8,JOOLA
JOOLA Rhyzm-P,9.2,9.4,2.5,9.5,54,43,JOOLA
JOOLA Samba,7.7,8.7,2.4,8.5,38,11,JOOLA
JOOLA Samba 19,,,,,55,0,JOOLA
JOOLA Samba 27,8.8,7.8,5,8.8,55,3,JOOLA
JOOLA Samba Klick,,,,,45,0,JOOLA
JOOLA Samba NTEC,7.8,7.1,1.5,7.4,43,7,JOOLA
JOOLA Samba Tech,9.3,9.1,2,9.2,65,8,JOOLA
JOOLA Samba+,7.6,8.4,1.8,8.1,55,15,JOOLA
JOOLA Smart,6.7,6.7,4.3,6.9,30,5,JOOLA
JOOLA Spring Thunder,,,,8,18,1,JOOLA
JOOLA Tango,8,8,0,8,40,2,JOOLA
JOOLA Tango Defensive,,,,,33,0,JOOLA
JOOLA Tango Extrem,8.7,8.2,4.1,8.8,42,10,JOOLA
JOOLA Tango Golden,9,9.2,6,8.9,50,3,JOOLA
JOOLA Tango Ultra,9,7,0,8,36,1,JOOLA
JOOLA Terminator,9,7,0,7,45,1,JOOLA
JOOLA Timeless (Anti-spin),4.1,2.9,0,8,29,6,JOOLA
JOOLA Toni Hold Anti Topspin,6.3,5.3,4,8.9,48,3,JOOLA
JOOLA Topspin,7,8.5,3.5,8.1,27,3,JOOLA
JOOLA Topspin C,6.2,9.3,7.2,8.4,27,9,JOOLA
JOOLA Turbo,6,6,2,,27,2,JOOLA
JOOLA Upp,7.8,7.8,5.3,7.9,29,4,JOOLA
JOOLA X-Plode,8.8,8.2,4.3,8.7,55,7,JOOLA
JOOLA X-Plode Sensitive,8.5,8.7,2.2,9,60,28,JOOLA
JOOLA Zack,7.9,8.2,2.2,8.5,45,6,JOOLA
Juic 999 Attack,8,8.8,6,8.8,31,3,Juic
Juic 999 Defence,6.1,9.6,9,9.3,31,2,Juic
Juic 999 Elite,7.9,9.2,6.7,8.3,35,7,Juic
Juic 999 Elite Charisma,,,,,35,0,Juic
Juic 999 Elite Defense,5.8,9.4,5.5,9.1,36,6,Juic
Juic 999 Elite Hard Type,7.5,8.5,2,8,31,1,Juic
Juic 999 Elite Nano,8,9.5,3.5,7.7,32,4,Juic
Juic 999 Elite Ultima,8.4,9.1,5.9,8.4,33,7,Juic
Juic 999 Elite Ultima SV,,,,,38,0,Juic
Juic 999 Hard Type,8.4,9,8,8.2,31,1,Juic
Juic 999 Turbo,8.3,9.3,8,9,40,3,Juic
Juic Aircondle,8.7,7.8,1,7.8,48,3,Juic
Juic Aircondle Sound,,,,,46,0,Juic
Juic Aircondle Speed,,,,,46,0,Juic
Juic Couga,9.3,7.1,0.5,8,33,4,Juic
Juic Dany III,,,,,21,0,Juic
Juic Driva Smash,8.6,8.3,2,9,30,2,Juic
Juic Driva Smash Ultima,8.4,8.8,1,8.9,35,2,Juic
Juic Nano Spin,9.2,8.6,2.3,8.9,54,3,Juic
Juic Nano Spin Charisma,,,,,40,0,Juic
Juic Nano Spin Flex,,,,,37,0,Juic
Juic Nano Spin II,9.1,9.1,0,9.3,55,2,Juic
Juic Nano Spin II +S,8,8.5,0,8.2,37,1,Juic
Juic Nano Spin II Charisma,,,,,38,0,Juic
Juic Nanocannon,8.8,8.3,4.8,8.2,35,6,Juic
Juic Neo Anti (Anti-spin),4.5,3.5,0.4,9,32,11,Juic
Juic Scramble,8.3,7.4,1,8.4,34,2,Juic
Juic Scramble 21,8.3,8,2.3,8.2,33,3,Juic
Juic Scramble 21 Ultima,9,7.8,2,8.6,27,2,Juic
Juic Shenron,9,9.1,3.8,8.2,40,5,Juic
Juic Spark,6.5,6,2,7.9,21,1,Juic
Juic Spin Spiel SV,,,,,36,0,Juic
Juic Spin Spiel Ultima,8.2,9,8,8.6,33,3,Juic
Juic SpinSpiel,7.9,9.3,8,8.5,31,6,Juic
Juic T+FV,,,,,38,0,Juic
Juic T+PV,,,,,38,0,Juic
Juic Varites,8.7,7.8,1.8,8.5,40,6,Juic
Killerspin 415,,,,,36,0,Killerspin
Killerspin Blast,9.8,6.8,1.3,7.5,50,3,Killerspin
Killerspin Fortissimo,9.5,9.1,2.7,9.5,52,28,Killerspin
Killerspin Forza,,,,,23,0,Killerspin
Killerspin Forza 4z,7.8,7.8,2.5,10,36,2,Killerspin
Killerspin Fury,9.6,7.8,0,8.5,32,2,Killerspin
Killerspin GT,7.5,9,9,9,36,2,Killerspin
Killerspin GT2,7,9.5,10,,30,2,Killerspin
Killerspin Nitrx,,,,,23,0,Killerspin
Killerspin Nitrx 4z,8.6,8.2,3.1,8.2,23,8,Killerspin
Killerspin Nitrx 5z,9.4,9.2,3.5,9.3,36,2,Killerspin
Kokutaku 007,7.8,9,7.6,8.7,10,7,Kokutaku
Kokutaku 007 40+,,,,,12,0,Kokutaku
Kokutaku 007 Inner Power,,,,,22,0,Kokutaku
Kokutaku 007 Japanese Sponge,,,,,20,1,Kokutaku
Kokutaku 007 Pro. Selected,8.4,9.2,6.8,9.1,25,6,Kokutaku
Kokutaku 007 Super Light,6.8,9.4,5,8.3,13,2,Kokutaku
Kokutaku 868,8.2,8.1,5.6,8.3,10,12,Kokutaku
Kokutaku 868 (1 Pair Black Packaging),7.7,8.1,2,8,10,1,Kokutaku
Kokutaku 868 40+,,,,,10,0,Kokutaku
Kokutaku 868 Defence,,,,,20,0,Kokutaku
Kokutaku 868 Spin Power,8.5,9.5,8,,18,1,Kokutaku
Kokutaku 868 Training Rubber,7.8,8.5,5.4,8.9,6,10,Kokutaku
Kokutaku Blutenkirsche 868 Tokyo,8.5,8.2,1.1,8.4,12,10,Kokutaku
Kokutaku Blutenkirsche 868 Tokyo Super Tacky (yellow Pack),6,6.2,8.5,7.3,13,4,Kokutaku
Kokutaku BLutenkirsche 868 Tokyo Super Tacky Japanese,7.5,8.8,7.6,8.3,10,10,Kokutaku
Kokutaku Blutenkirssche Blue Sponge,,,,,14,0,Kokutaku
Kokutaku Explosion Blutenkirsche 868,8,9,7.4,8,14,8,Kokutaku
Kokutaku Spec V,,,,,41,0,Kokutaku
Kokutaku Synchron,8,8,8,,20,1,Kokutaku
Kokutaku Tokyo 868,8.2,8.9,7.3,8.3,10,9,Kokutaku
Kokutaku Tulpe 007 Chinese Sponge,8.6,8.9,8,8.7,13,1,Kokutaku
Kokutaku Tuple 007 Non-Tacky,8.8,8.6,1.2,8.7,20,6,Kokutaku
Kokutaku Tuple 007 Tacky,8.5,8.3,5,8.3,20,4,Kokutaku
Kokutaku Tuple 007 Taiwan,8,8,8,8,5,1,Kokutaku
KTL (LKT) Black Power,8.3,7.8,3.3,8.2,14,12,KTL (LKT - Li Kuang Tsu)
KTL (LKT) Black Power (Golden Cake Sponge),8.1,7.6,6.3,7.5,14,4,KTL (LKT - Li Kuang Tsu)
KTL (LKT) Golden Star Attack,,,,,22,0,KTL (LKT - Li Kuang Tsu)
KTL (LKT) Golden Star HS Drive,,,,,22,0,KTL (LKT - Li Kuang Tsu)
KTL (LKT) Golden Star Loop,7.9,7.9,0.7,8.1,22,6,KTL (LKT - Li Kuang Tsu)
KTL (LKT) Pro XP,7.5,8.7,4.9,8.8,14,37,KTL (LKT - Li Kuang Tsu)
KTL (LKT) Pro XP Gold Dragon,7.7,7.5,0.4,7,8,6,KTL (LKT - Li Kuang Tsu)
KTL (LKT) Pro XP Red Dragon,8.4,8.6,2,8.5,17,3,KTL (LKT - Li Kuang Tsu)
KTL (LKT) Pro XT,7.4,8.6,6.9,8.3,14,36,KTL (LKT - Li Kuang Tsu)
KTL (LKT) Pro XT Green Dragon,8.9,8.9,2,,17,1,KTL (LKT - Li Kuang Tsu)
KTL (LKT) Pro XT Silver Dragon,8.9,8.8,6.5,9.1,20,19,KTL (LKT - Li Kuang Tsu)
KTL (LKT) Rapid Power,7.4,7.7,2.6,8.3,14,5,KTL (LKT - Li Kuang Tsu)
KTL (LKT) Rapid Soft,7.3,8.3,4.7,8.6,11,19,KTL (LKT - Li Kuang Tsu)
KTL (LKT) Rapid Sound,7.7,8.4,2.9,8.6,14,13,KTL (LKT - Li Kuang Tsu)
KTL (LKT) Rapid Speed,8.4,8.5,3.2,8.7,14,55,KTL (LKT - Li Kuang Tsu)
KTL (LKT) Red Diamond,8.6,8.9,5.3,9.1,14,28,KTL (LKT - Li Kuang Tsu)
KTL (LKT) Red Diamond (Golden Cake Sponge),8,8.3,6,7.7,14,11,KTL (LKT - Li Kuang Tsu)
KTL (LKT) Red Diamond Mechanical,9,9,2,8.5,22,3,KTL (LKT - Li Kuang Tsu)
KTL (LKT) Torrent,7.4,8.3,4.9,8,14,16,KTL (LKT - Li Kuang Tsu)
KTL (LKT) Torrent Gold,7.7,8.8,8,7.8,14,3,KTL (LKT - Li Kuang Tsu)
Lion Aggressor,8.5,7,0,9,11,1,Lion
Lion Elite Control,5,3,,,,1,Lion
Lion Mantlet,4,2.8,0.4,8.7,15,5,Lion
Lion Radiant,8.6,8.6,4.4,8.2,15,6,Lion
Lion Rebirth,8.2,,2,8.9,20,3,Lion
Lion Roar,8.8,8.7,1,9,15,3,Lion
Lion SS 800,8.5,9,,,,1,Lion
Lion Trapper,,,,,15,0,Lion
Lion Trapper Pro,,,,,,0,Lion
Loki Arthur Asia,9.1,9.4,7.3,9.4,40,5,Loki
Loki GTX Pro,8.5,9,5,9.2,26,6,Loki
Loki N80,9.5,9.8,8.7,9.8,26,3,Loki
Loki Rxton 3,8.5,9,6.5,8.9,15,3,Loki
Loki RXTON 5,9.2,9.5,6.2,9.3,15,6,Loki
Loki RXTON I,8.2,8.8,5,8.6,8,1,Loki
Loki RXTON5,8.9,9.2,5.8,9.1,15,4,Loki
Meteor 835 (Non Tacky),7,7,0,8.5,8,1,Meteor
Meteor 835-W,7,7,0,7,14,1,Meteor
Mizuno Charge,9.8,8.8,0,8,42,1,Mizuno
Mizuno Charge MF,,,,,42,0,Mizuno
Mizuno Charge Pro,6,8,10,7,42,1,Mizuno
Mizuno Charge SS,,,,,44,0,Mizuno
Mizuno GF Pro,9.3,9.1,2,9.2,50,4,Mizuno
Mizuno GF R,7.8,8.2,2,9.6,38,1,Mizuno
Mizuno GF T40,7.5,8,8,8,44,1,Mizuno
Mizuno GF T45,9.4,9.2,1.8,9.1,44,5,Mizuno
Mizuno GF T48,9.2,9.1,2.3,8.9,44,4,Mizuno
Mizuno Plaudit,,,,,51,0,Mizuno
Mizuno Q3,9.5,9.3,2.3,9.2,60,4,Mizuno
Mizuno Q4,9,8.7,1.3,8.7,60,4,Mizuno
Mizuno Q5,9,9.3,2,9.7,51,1,Mizuno
Mizuno Unison,,,,,25,0,Mizuno
Neottec Hinomi-M,7.5,7.8,1,8.5,18,2,Neottec
Neottec Hinomi-S,6.5,7.8,0,,18,1,Neottec
Neottec Iken Pro,4,3,0,1,15,1,Neottec
Neottec Katana,9,8.5,5,8.3,18,4,Neottec
Nexy Demian,8,8,2,8,12,1,Nexy
Nexy Karis H,7.8,8.5,1,7.9,50,2,Nexy
Nexy Karis M,8.2,8.4,1.5,8.1,50,4,Nexy
Nexy Karis M+,7.5,8.2,1.3,7.8,50,3,Nexy
Nittaku Alhelg,9.1,9.1,2.3,8.9,45,18,Nittaku
Nittaku Alhelg SC,,,,,60,0,Nittaku
Nittaku Alhelg SR,9.1,9.4,4.3,9.2,60,15,Nittaku
Nittaku Annsort,7.3,7.9,2,8.4,,1,Nittaku
Nittaku Arufeel,,,,,29,0,Nittaku
Nittaku Best Anti (Anti-spin),3.8,2.6,0,7.9,24,8,Nittaku
Nittaku DHS Hurricane 2,,,,,,0,Nittaku
Nittaku DHS Hurricane 3,8.2,9.3,8,8.9,50,10,Nittaku
Nittaku Factive,8.8,8.7,1.7,9.1,28,17,Nittaku
Nittaku Fastarc C-1,8.9,9.2,2,9.2,55,25,Nittaku
Nittaku Fastarc G-1,9,9.4,2.9,9.4,44,91,Nittaku
Nittaku Fastarc P-1,9.3,9.3,2.6,9.4,55,27,Nittaku
Nittaku Fastarc S-1,9.1,9,2,9.3,42,63,Nittaku
Nittaku Flyatt Hard,9,8.8,2.7,9,31,22,Nittaku
Nittaku Flyatt Soft,8.5,8.1,0.8,8.5,31,10,Nittaku
Nittaku Flyatt Spin,8.9,9.2,2.1,9.3,33,10,Nittaku
Nittaku G888 CS,8.2,8.6,7.5,8.9,36,2,Nittaku
Nittaku G888 JS,,,,,36,0,Nittaku
Nittaku Galze,8.8,9.1,1.5,9.3,55,11,Nittaku
Nittaku Goriki Kaisoku,9.5,9.2,2,9.3,38,9,Nittaku
Nittaku Hammond,9.1,8.5,1,8.8,38,14,Nittaku
Nittaku Hammond CR,9.4,9.4,2,9.5,35,3,Nittaku
Nittaku Hammond Power,9,8.8,1.5,8.8,43,4,Nittaku
Nittaku Hammond Pro Alpha,9.2,7.2,1.8,8.1,38,12,Nittaku
Nittaku Hammond Pro Beta,9,8.8,1.9,9.3,49,45,Nittaku
Nittaku Hammond X,8.9,8.7,3.1,8.8,43,10,Nittaku
Nittaku Hurricane 2 (H2),,,,,39,1,Nittaku
Nittaku Hurricane 2 (H2) NT50 Type,7.9,9.4,10,7.9,40,2,Nittaku
Nittaku Hurricane 2 (H2) Pro,8.3,9.4,7.4,8.8,40,7,Nittaku
Nittaku Hurricane 3 (H3),9.1,9.4,6.2,9,35,15,Nittaku
Nittaku Hurricane 3 (H3) NT50 Type,8,8.8,6.5,8,47,2,Nittaku
Nittaku Hurricane 3 (H3) Pro,8.1,9.1,7.5,8.6,,8,Nittaku
Nittaku Hurricane 3 NEO,7.9,9.2,7.9,8.9,40,7,Nittaku
Nittaku Hurricane Pro 3,,,,,55,0,Nittaku
Nittaku Hurricane Pro III Turbo Blue,8.8,9.4,8.3,9.4,45,14,Nittaku
Nittaku Hurricane Pro III Turbo Orange,8.6,9.3,8.9,9.2,55,33,Nittaku
Nittaku J.O. Waldner,8.3,8.7,3.5,9.2,29,6,Nittaku
Nittaku JO Waldner SC,8.5,9,6,9.3,29,3,Nittaku
Nittaku Magic Carbon,7.8,8,2.4,8.7,25,14,Nittaku
Nittaku Magic Carbon Sound,,,,,30,0,Nittaku
Nittaku Micro,8.2,8,3,7.7,18,4,Nittaku
Nittaku Midship,,,,,31,1,Nittaku
Nittaku Moristo 2000,9.3,8.8,1,8.8,35,4,Nittaku
Nittaku Moristo 2000 NX,9.1,9.4,2,9.4,47,1,Nittaku
Nittaku Moristo DF,8.9,7.8,5,8.6,27,3,Nittaku
Nittaku Moristo FG,8.2,8,2,7.9,40,1,Nittaku
Nittaku Moristo RS Hard,9.2,9.1,4,9.1,44,3,Nittaku
Nittaku Moristo RS Soft,9.1,8.2,3.6,9.1,44,6,Nittaku
Nittaku Moristo SP,7,5,0,,30,1,Nittaku
Nittaku Narucross EX Hard,9.3,8.7,3.5,9.3,50,10,Nittaku
Nittaku Narucross EX Soft,8.8,9.3,2.5,9.1,39,12,Nittaku
Nittaku Narucross GS Hard,9,8.5,2,8.9,55,1,Nittaku
Nittaku Narucross GS Soft,8.9,9.1,5.8,9.1,55,9,Nittaku
Nittaku Narucross GS Super-Soft,8,9.1,3,8.9,53,9,Nittaku
Nittaku Nodias,7.5,8.4,3,7.9,38,6,Nittaku
Nittaku Nodias A-1 Hard,,,,,43,0,Nittaku
Nittaku Nodias A-1 Soft,,,,,43,0,Nittaku
Nittaku Radice,,,,,25,0,Nittaku
Nittaku Refoma,8.2,8.3,1.2,8.5,44,6,Nittaku
Nittaku Renanos Bright Hard,8.4,7.3,3.5,7.5,48,2,Nittaku
Nittaku Renanos Bright Soft,8.5,8.4,3.3,9.1,48,8,Nittaku
Nittaku Renanos Hard,,,,,32,0,Nittaku
Nittaku Renanos Hold,8.9,9.4,4.1,9.4,40,39,Nittaku
Nittaku Renanos Soft,8.6,9,2,9.2,34,6,Nittaku
Nittaku Revspin,8.3,9.4,2.7,9.4,,6,Nittaku
Nittaku RuuKing,,,,,21,0,Nittaku
Nittaku Skyline TG2,6,9,2,6,,2,Nittaku
Nittaku Skyline TG3,9.3,9.3,10,9,,3,Nittaku
Nittaku Soulspin Project 12 (P12),8.9,9.2,2,9,60,3,Nittaku
Nittaku Spiral,4.5,9,5,7,25,1,Nittaku
Nittaku Tin Arc Power,9,8.9,5,8,50,1,Nittaku
Nittaku Zalt,8.6,8.6,1.7,8.5,30,6,Nittaku
Nittaku Zieger  PK 50,9.2,9.4,6.5,9.4,50,11,Nittaku
Palio Aeolus,9.3,9.2,4.4,9.4,45,10,Palio
Palio AK 47 Blue,9,8.7,0.5,9.1,13,37,Palio
Palio AK 47 Red,9.3,8.7,0.6,9,15,50,Palio
Palio AK 47 Yellow Sponge,8.8,8.7,0.7,8.9,12,22,Palio
Palio AK47,8.5,9.1,2,9.1,16,1,Palio
Palio AK47 Biotech,6.5,9.3,7.7,9.5,14,3,Palio
Palio Amigo,7.2,7.3,4.4,8,10,5,Palio
Palio Amigo Loop,,,,,16,0,Palio
Palio Blitz,9.1,9,2.2,9.1,34,30,Palio
Palio CJ8000,6.8,8.9,8,8.7,10,3,Palio
Palio CJ8000 2-Side Loop,7.2,7.9,3.1,8.3,8,10,Palio
Palio CJ8000 2-Side Loop TensionTech,,,,,16,0,Palio
Palio CJ8000 36-38°,8.3,8.6,4,8.7,7,8,Palio
Palio CJ8000 38-41°,8.1,8.1,5.8,8.3,13,10,Palio
Palio CJ8000 41-45°,8.3,7.3,3.5,8,7,3,Palio
Palio CJ8000 Allround,7.6,7.8,9.3,6.7,16,4,Palio
Palio CJ8000 Biotech 36-38°,7.7,8.7,4.7,8.9,9,25,Palio
Palio CJ8000 Biotech 36-38° Japanese Sponge,7.8,8.9,2.4,9,12,13,Palio
Palio CJ8000 Biotech 39-41°,7.2,8.7,2.5,8.9,9,16,Palio
Palio CJ8000 Biotech 40-42°,8.3,8.9,2.4,8.9,10,10,Palio
Palio CJ8000 Biotech 42-44°,8,9.7,5,9,9,1,Palio
Palio CJ8000 Biotech 42-44° Japanese Sponge,7.7,8.9,2,9.2,12,13,Palio
Palio CJ8000 Extreme Balance,7,6,5,5.5,16,1,Palio
Palio CJ8000 Extreme Speed,8.6,8.4,2,,16,1,Palio
Palio CJ8000 Extreme Spin,8.3,9,6.6,8.9,16,11,Palio
Palio CJ8000 Light and Fast,8,8.7,4.3,8,7,5,Palio
Palio CJ8000 Light PRO,8.8,8.5,2,8.5,8,1,Palio
Palio CJ8000 Near Table Attack and Loop,,,,,16,0,Palio
Palio CJ8000 Provincial,7.5,8,5,10,20,1,Palio
Palio CJ8000 Short Court Attack and Loop,,,,,16,0,Palio
Palio CJ8000 Speed,9.2,7.7,,8.2,16,2,Palio
Palio CJ8000 Strength,7.3,6.9,,7,16,1,Palio
Palio Conqueror,7.8,8.1,5,8.7,25,2,Palio
Palio Drunken Dragon,8,7.5,6.5,8.5,8,5,Palio
Palio Drunken Dragon 40+,8.7,8.8,3.5,7.8,25,2,Palio
Palio Emperor Dragon,7.9,9.1,5.9,9.1,9,10,Palio
Palio Emperor Dragon Biotech,8.2,9.1,6.5,8.6,12,2,Palio
Palio Hadou 2046,8.8,7.9,,8.2,3,2,Palio
Palio Hadou 2049,9.4,7.5,,8.6,3,2,Palio
Palio Hadou 40+,8.9,9.1,3.6,9.2,11,19,Palio
Palio Hadou Biotech,8.8,9.2,7.2,8.4,21,13,Palio
Palio Hadou GP,7.6,8,5,7.5,2,2,Palio
Palio Hadou Japan Sponge 42-44,9.3,9.5,,,12,1,Palio
Palio Hadou TensionTech,,,,,3,0,Palio
Palio Hadou Whirlwind,8,9,10,9,4,1,Palio
Palio Hidden Dragon,8,9,2.6,8.8,14,9,Palio
Palio Hidden Dragon 40+,8.1,7.7,0,8.1,22,3,Palio
Palio Hidden Dragon Biotech,8.3,8.8,0.5,9,12,12,Palio
Palio Hidden Dragon Biotech Upgrade,8.2,9,0,8.7,12,5,Palio
Palio HK1997 Biotech,8.3,8.7,2.1,8.9,27,19,Palio
Palio HK1997 Gold,9.1,9.2,3.1,9.2,12,21,Palio
Palio HK1997 Speed,9.2,8.3,,8.6,14,1,Palio
Palio HK1997 Spin,8.3,9.5,,8.6,16,2,Palio
Palio Macro,7.3,7.5,1,8.5,39,2,Palio
Palio Macro Era,9.3,8.6,1.7,9.2,25,36,Palio
Palio Macro Pro,8.3,8.2,2.6,8.2,30,8,Palio
Palio Maximo,8.3,9.3,2,8.5,40,2,Palio
Palio The Way 40+,8.6,9.4,2.8,9.4,15,4,Palio
Palio Thors,8.7,9.3,6.4,9,30,45,Palio
Palio Wildish Dragon,8.9,9,6.5,8.2,14,6,Palio
PimplePark Cluster,5,4,0,9,33,1,PimplePark
PimplePark Epos,7,9,8,8.5,33,2,PimplePark
PimplePark Wobbler,4,4,0,9,,1,PimplePark
Prasidha Ambawa,,,,,,0,Prasidha (Prashida)
Prasidha Frankfurt,8,8,2,8.4,,1,Prasidha (Prashida)
Prasidha Osaka,8.5,8,5,8.2,,1,Prasidha (Prashida)
Prasidha Tokyo Zentec,9,9.5,2,9.2,90,3,Prasidha (Prashida)
Prasidha Twister,8,8.7,3,8.2,5,3,Prasidha (Prashida)
Reactor Ckylin,6.4,8.6,3.5,7.7,14,2,Reactor
Reactor Ckylin Blue Sponge,8.9,8.6,3.5,8.9,15,2,Reactor
Reactor Ckylin New (Blue Sponge),8,8,5,8.3,11,10,Reactor
Reactor Corbor,7,8.7,7.2,8.4,5,29,Reactor
Reactor CORBOR (white Pack),7.8,8.2,3.5,8,8,2,Reactor
Reactor Corbor Pro,6.3,7,5,7,5,3,Reactor
Reactor Novar,7.1,9.2,7,8.8,10,4,Reactor
Reactor Thunder,8.9,8.9,6.7,9,12,22,Reactor
Reactor Thunder Black Sponge,9,8.8,2,8.3,13,2,Reactor
Reactor Tornado,7.9,9.2,6.6,8.4,15,5,Reactor
Reactor Tornado V5,8.4,9,5,9,11,1,Reactor
Sanwei A+ Lightwei,4,8.5,8,6,29,1,Sanwei
Sanwei A+ LightWEI,,,,,29,0,Sanwei
Sanwei Black A+,9.2,8.6,5,8.9,35,3,Sanwei
Sanwei Gear Hyper,8,9,2,9,40,1,Sanwei
Sanwei Gears,7.7,8.8,5.2,8.7,16,13,Sanwei
Sanwei Gears 2.0,5,7.5,8,5,15,1,Sanwei
Sanwei Rings Link,7.8,8.8,4,8.4,20,3,Sanwei
Sanwei T88,8.7,8.7,5,7.9,14,3,Sanwei
Sanwei T88 TAIJI,7,7.5,3,7.3,12,3,Sanwei
Sanwei T88-I,8.2,8.5,4.6,8.4,9,38,Sanwei
Sanwei T88-I Light,,,,,28,0,Sanwei
Sanwei T88-II,7.4,8,7.7,8.3,12,5,Sanwei
Sanwei T88-III,8,8.5,4.4,8.1,15,11,Sanwei
Sanwei T88-III 2,7.8,7.8,2,8.1,15,4,Sanwei
Sanwei Taiji Plus,7,7.8,5,8,18,3,Sanwei
Sanwei Target,8.3,7.8,5,8.6,12,3,Sanwei
Sanwei Target 90,8.8,8.8,3.5,9.3,20,2,Sanwei
Sanwei Target Europe 40+,8.3,8.6,2,8.4,31,4,Sanwei
Sanwei Target National,8.6,9.3,7.6,9,25,28,Sanwei
Sanwei Target Pro Blue,,,,,25,0,Sanwei
Sanwei Target Provincial,8.3,9.3,8,8.6,18,3,Sanwei
Sanwei Ultraspin T88,8.8,8.2,3,8.3,12,4,Sanwei
Sanwei White A+,8.3,8.3,8,8.7,17,1,Sanwei
Sauer & Troger Hellfire X,,,,,,0,Sauer & Troger
Sauer & Troger Secret Flow,8.2,8.5,3.5,9.9,38,3,Sauer & Troger
Sauer & Troger Secret Flow Chop,7.1,8.9,4.5,8.6,32,6,Sauer & Troger
Sauer & Troger Super Stop,4,2,0,8.5,35,3,Sauer & Troger
Se7en 7.01i,9.1,8.9,2,9.3,30,3,Se7en
Skitt Red Devils,9,7,0,8.8,9,1,Skitt
Skitt Sniper,8.8,9.2,8,9,8,1,Skitt
Skitt Terminator,8.8,9,5,9,14,1,Skitt
Soulspin Project 16,9.5,9.5,0,9.5,,1,Soulspin
Soulspin Project 16 ST,,,,,,0,Soulspin
SpinLord Adler,6,7,0,9,17,2,SpinLord
SpinLord Adler II,7.5,7.5,1,8.5,18,2,SpinLord
SpinLord Gigant,4,2,0,7,22,1,SpinLord
SpinLord Irbis,8.2,8.3,1,8.5,30,2,SpinLord
SpinLord Irbis II,,,,,24,0,SpinLord
SpinLord Marder,6.6,8.6,3.8,9,20,12,SpinLord
SpinLord Marder II,7.6,8.7,4.3,8.9,25,13,SpinLord
SpinLord Marder III,8.1,9,5,9,30,2,SpinLord
SpinLord Marder IV,9,7,5,8,24,1,SpinLord
SpinLord Odd Tember,,,,,50,0,SpinLord
SpinLord Sandwind,5.3,5,0,8.1,22,2,SpinLord
SpinLord Tanuki,7.7,7.2,2,8.9,48,3,SpinLord
SpinLord Tiger,8.3,7.9,2.6,9.2,25,8,SpinLord
Spintech Dynasty Platinum,10,9,0,7,45,2,Spintech
Stag All Round,7.9,8.1,3.5,7.3,12,2,Stag
Stag Championship,8.2,8.8,2,9,12,1,Stag
Stag Explosive,9,7.5,5,8,12,2,Stag
Stag International,9,9,2,9.1,14,1,Stag
Stag Ninja Attack,9.1,9.2,5.7,8.1,8,4,Stag
Stag Peter Karlsson,8.5,7.6,2.7,8.4,45,8,Stag
Stag Power Drive Plus,8,8.5,4,8.6,16,3,Stag
Stag Thunder Spin,7.9,8.1,2,7.4,12,6,Stag
Stiga Airoc Astro M,9,8.6,3.1,8.6,60,12,Stiga
Stiga Airoc Astro S,8.9,9,4.3,9.1,55,17,Stiga
Stiga Airoc M,8.9,9.1,2.1,8.8,56,16,Stiga
Stiga Airoc S,8.5,9,4.3,9.1,54,26,Stiga
Stiga Almana,9.1,8.3,2.2,9.1,32,17,Stiga
Stiga Almana Sound,9.1,8.5,2.1,8.4,32,8,Stiga
Stiga Almana Sound SynergyTech,9.5,8.7,2.9,9,39,16,Stiga
Stiga Boost TC,8.7,8.4,2,8.8,50,39,Stiga
Stiga Boost TP,8.9,8.8,2.7,8.9,58,14,Stiga
Stiga Boost TS,8.8,8.9,2.4,8.9,50,52,Stiga
Stiga Boost TX,9.3,9,2,9.3,55,46,Stiga
Stiga Calibra LT,9.3,9.2,4.5,9.3,53,75,Stiga
Stiga Calibra LT Plus,9.5,9.1,3.4,9.3,28,33,Stiga
Stiga Calibra LT Sound,9.1,8.7,2,8.7,53,63,Stiga
Stiga Calibra LT Spin,9.1,9.1,2.4,9.2,40,44,Stiga
Stiga Calibra Tour H,9.3,8.1,0.3,8.4,49,7,Stiga
Stiga Calibra Tour M,9.2,8.6,0.5,8.8,50,16,Stiga
Stiga Calibra Tour S,8.8,8.7,0.4,8.8,55,11,Stiga
Stiga Carbo,8.4,7.9,3.5,8.3,18,8,Stiga
Stiga Carbo MC,8.2,8.7,5.5,9.1,33,6,Stiga
Stiga Carbo Sound,9.2,8.6,2.1,9,36,22,Stiga
Stiga China Extreme,7,9.2,7.8,7.4,29,12,Stiga
Stiga Chop & Drive,6.3,9,5.9,8.4,25,18,Stiga
Stiga Cobra 2000,6.7,7.3,2,7.1,25,13,Stiga
Stiga DNA Future M,7,6,5,7,35,1,Stiga
Stiga DNA Pro H,8.7,8.7,2,8.3,55,8,Stiga
Stiga DNA Pro M,8.8,9,2,8.9,50,18,Stiga
Stiga DNA Pro S,8.5,8.8,2,8.6,50,8,Stiga
Stiga Drive,6.2,6.3,4.7,7.1,,10,Stiga
Stiga Energy Absorber (Anti-spin),6,2.9,2,8,28,6,Stiga
Stiga Evo,8,7.6,2,8.1,25,17,Stiga
Stiga Genesis II M,8.3,8.8,7.4,8.3,46,6,Stiga
Stiga Genesis II S,8.8,9,5,8.4,56,1,Stiga
Stiga Genesis M,8.8,8.9,4.7,8.6,30,23,Stiga
Stiga Genesis S,8.7,9.2,4.3,9.1,45,17,Stiga
Stiga Innova,7.9,8.2,1.8,8.2,31,7,Stiga
Stiga Innova Premium,7,6.3,2.3,7.5,34,4,Stiga
Stiga Innova Ultra Light,8.3,8.1,1.6,8.4,31,16,Stiga
Stiga Innova Ultra Light SynergyTech,7.9,7.9,2.6,8.2,37,22,Stiga
Stiga Magna,8.4,8.7,4,8.6,37,15,Stiga
Stiga Magna TC II (2),9,8.4,2.8,8.9,40,20,Stiga
Stiga Magna TS II (2),8.2,8.5,1.3,8.6,40,7,Stiga
Stiga Magna TX,9.1,9.3,2.9,9.3,55,16,Stiga
Stiga Mantra H,9.4,9.1,1.8,9.1,45,14,Stiga
Stiga Mantra M,9.1,9.1,1.9,9.2,47,24,Stiga
Stiga Mantra S,8.7,9,3.4,9,50,9,Stiga
Stiga Mendo,7.5,7.7,1.8,8.3,30,11,Stiga
Stiga Mendo Energy,7.7,7.9,4.4,8.2,28,11,Stiga
Stiga Mendo MP,8.5,7.9,0.9,8.4,33,12,Stiga
Stiga Neos,8.4,7.7,4.1,7.7,24,8,Stiga
Stiga Neos Sound,8.4,7.2,2.7,7.4,37,16,Stiga
Stiga Neos Sound SynergyTech,8.5,8.6,1.3,8.6,45,10,Stiga
Stiga Neos SynergyTech,8,8.3,5,7.8,50,7,Stiga
Stiga Neos Tacky,7.6,9.1,7.5,9,37,31,Stiga
Stiga Optimum MP,8.6,8.2,2.4,8.4,38,10,Stiga
Stiga Power LT,9,8.9,1.7,9,30,13,Stiga
Stiga Vaporizer,,,,,120,0,Stiga
Sunflex AF50,7.8,7.1,6,8.1,26,3,Sunflex
Sunflex AF50 Green,7,8.5,0,8,39,1,Sunflex
Sunflex Anti Loop,,,,,25,0,Sunflex
Sunflex BZ60,,,,,26,0,Sunflex
Sunflex Icebreaker,,,,,28,0,Sunflex
Sunflex Sun Control,,,,,35,0,Sunflex
Sunflex Sun Power,7,8.5,5,8.6,35,1,Sunflex
Sunflex Xonox,,,,,,0,Sunflex
Sunflex Zeno,,,,,34,1,Sunflex
Sunnysix Sunny3,,,,,40,0,Sunnysix
Sunnysix Sunny7,9,10,10,,40,1,Sunnysix
Sword 2000F Back-Off,9.5,8.6,3.5,9,9,2,Sword
Sword 2000F Back-off (Loop),9,9,5,9,12,1,Sword
Sword 2000F NN,9.1,7.7,5,8.6,11,1,Sword
Sword 2000F Wind-A,,,,,8,0,Sword
Sword 2000F Wind-B,,,,,,0,Sword
Sword Ares,8.5,9.6,8,7,20,1,Sword
Sword Backhand II,7,8,4,6,10,2,Sword
Sword Bata,,,,,,0,Sword
Sword Blue Maze (44),,,,,20,0,Sword
Sword Hero,8,9,2.7,8.4,14,3,Sword
Sword Hero Enhanced,8.8,8.2,1.3,9,16,3,Sword
Sword Hero Pro,,,,,18,0,Sword
Sword King,8.5,8.5,6.5,7.8,14,4,Sword
Sword Maze,8.7,9.2,3.7,9.2,35,6,Sword
Sword Maze FT,,,,,38,0,Sword
Sword Maze P,,,,,22,0,Sword
Sword Nano,7.7,9.5,3.5,8,28,2,Sword
Sword Paladin,7.2,8.2,4,7.7,18,3,Sword
Sword Paladin II,,,,,25,0,Sword
Sword Professional Break(B),,9.5,5,9,30,1,Sword
Sword RG,4,4,1,8,14,2,Sword
Sword Zeus,,,,,30,0,Sword
Three Sword Leap Pro (National Blue Sponge),8.2,9.1,10,9.2,12,2,Three Sword
Three Sword Red Dragon,8.8,7.9,2.3,8.6,10,8,Three Sword
Three Sword Regal Challenge,6,5,2,6,6,1,Three Sword
Tibhar 1Q,8.8,8.4,3.3,9,59,25,Tibhar
Tibhar 1Q Sound,8.4,8.3,0,8.5,59,2,Tibhar
Tibhar 1Q XD,9.5,9.1,3.6,9.4,55,21,Tibhar
Tibhar 5Q,8.9,9.3,2.7,9.4,53,26,Tibhar
Tibhar 5Q Sound,8.3,9.1,1.6,9.2,59,21,Tibhar
Tibhar 5Q Update,9.1,9.1,2.4,9.4,58,10,Tibhar
Tibhar 5Q VIP,8.6,9.4,1.7,9.3,54,12,Tibhar
Tibhar Aurus,9.1,9.2,2.2,9.3,40,40,Tibhar
Tibhar Aurus Prime,9.5,9.5,2.6,9.4,44,28,Tibhar
Tibhar Aurus Select,9.1,9.2,1.9,9.2,48,9,Tibhar
Tibhar Aurus Soft,8.7,9.1,2.6,9,50,38,Tibhar
Tibhar Aurus Sound,8.5,9,2.5,9,50,33,Tibhar
Tibhar Aurus TC-1,8.8,9.5,2,9.4,28,7,Tibhar
Tibhar Bungee,8.8,8.1,6.5,8.8,44,2,Tibhar
Tibhar Dang,6.4,7.5,7.7,6.6,31,7,Tibhar
Tibhar Ellen,4,3.3,2,7.5,30,2,Tibhar
Tibhar Evolution EL-P,9.2,9.3,2.2,9.4,58,61,Tibhar
Tibhar Evolution EL-S,8.7,9,2.3,8.9,46,45,Tibhar
Tibhar Evolution FX-P,8.8,9.3,2,9.3,58,45,Tibhar
Tibhar Evolution FX-S,8.6,9.3,1.3,9.2,58,18,Tibhar
Tibhar Evolution MX-P,9.5,9.3,2.3,9.4,45,111,Tibhar
Tibhar Evolution MX-P 50,9.3,9.4,1.7,9.5,49,21,Tibhar
Tibhar Evolution MX-S,9.2,9.5,2.4,9.5,50,84,Tibhar
Tibhar Genius,8.8,9.2,2.9,9.3,50,51,Tibhar
Tibhar Genius Sound,8.7,9.5,2.7,9.4,46,58,Tibhar
Tibhar Genius Supreme,8.8,9,2,9.2,50,1,Tibhar
Tibhar Genius+ Optimum,9,9.3,2.6,9.1,50,29,Tibhar
Tibhar Genius+ Optimum Sound,8.8,8.8,1.3,8.5,57,18,Tibhar
Tibhar Grip-S,8.8,9.5,7.1,9.4,45,25,Tibhar
Tibhar Grip-S Europe,8.4,9.3,5.4,9,45,18,Tibhar
Tibhar Grip-S Europe Soft,8.3,9,5.6,9.4,45,9,Tibhar
Tibhar Hybrid K1,,,,,25,0,Tibhar
Tibhar Hybrid K1 European Version,9,9.4,7,9.4,40,7,Tibhar
Tibhar Hybrid K1 Plus,8.3,8.8,5,8.3,30,2,Tibhar
Tibhar Hybrid K2,8.4,9.1,8.5,8.7,35,4,Tibhar
Tibhar Karisma,,,,,,0,Tibhar
Tibhar Learn Spin,6.5,7,5,7,12,1,Tibhar
Tibhar Legend,,,,,20,0,Tibhar
Tibhar Legend Destroyer,7.5,8.4,7.2,8.8,14,17,Tibhar
Tibhar Makss,8.1,7.8,2,8.5,30,3,Tibhar
Tibhar MX-K,,,,,55,0,Tibhar
Tibhar MX-K H,9.5,9.5,2,9.5,55,1,Tibhar
Tibhar Nianmor,9.3,9.2,2.7,9.5,55,45,Tibhar
Tibhar Nianmor Soft,9.4,9.5,2,9.5,45,1,Tibhar
Tibhar Nimbus,9.1,8.6,3.4,8.6,55,26,Tibhar
Tibhar Nimbus Delta S,9.2,9.5,2,9.6,50,2,Tibhar
Tibhar Nimbus Delta V,9.5,9.2,2,9.5,50,1,Tibhar
Tibhar Nimbus Medium,9.1,8.7,1,8.9,50,2,Tibhar
Tibhar Nimbus Soft,8.4,8.5,1.6,8.7,45,16,Tibhar
Tibhar Nimbus Sound,8.6,8.2,0.8,8.7,40,20,Tibhar
Tibhar Nimbus VIP,9.4,8.8,4.4,8.9,40,12,Tibhar
Tibhar Norm,5,6,2,8,15,1,Tibhar
Tibhar Phantom,7,7.2,4,7.3,12,3,Tibhar
Tibhar Phantom X-Press,8.5,8.8,5.8,8.8,9,8,Tibhar
Tibhar Primus,9,9.1,1.8,9.1,59,10,Tibhar
Tibhar Quantum,9.1,9.2,1.3,9.2,65,4,Tibhar
Tibhar Quantum S,8.8,9.4,1.8,9.4,65,8,Tibhar
Tibhar Quantum X,9.7,9.4,0,,,1,Tibhar
Tibhar Quantum X Pro,,,,,42,0,Tibhar
Tibhar Rapid,8.3,8.2,3.2,9,28,22,Tibhar
Tibhar Rapid D. TecS Soft,9,8.5,5,8.8,44,1,Tibhar
Tibhar Rapid D.TecS,8.8,8.3,2.5,8.5,48,7,Tibhar
Tibhar Rapid Soft,6,6.7,3.8,8.3,35,16,Tibhar
Tibhar Rapid X-Press,9.2,9.2,3.8,9.4,44,15,Tibhar
Tibhar Rookie D.TecS,6.7,6.9,3.5,7.8,40,6,Tibhar
Tibhar Samurai,9.5,9.4,6,9.3,,2,Tibhar
Tibhar Sinus,9.4,8.7,3.5,9.1,60,15,Tibhar
Tibhar Sinus Alpha,8.8,8.6,1.9,8.7,46,13,Tibhar
Tibhar Sinus Sound,8.4,8.4,1.6,8.9,55,26,Tibhar
Tibhar Speedy Spin,7.6,7.5,4.5,8.6,49,7,Tibhar
Tibhar Speedy Spin FX Premium,6.8,8,1,7.3,40,2,Tibhar
Tibhar Speedy Spin Premium,5.7,6.6,4.3,8.2,42,4,Tibhar
Tibhar Super 40 Defense,6.3,9,2.4,8.7,39,10,Tibhar
Tibhar Super 40 Defense Soft,5.6,8.9,1,8.9,39,3,Tibhar
Tibhar Torpedo,8.6,8.1,3.1,7.7,28,9,Tibhar
Tibhar Torpedo Soft,9.3,7.6,1.3,8.4,45,3,Tibhar
Tibhar Vari Spin,7.7,8.6,3.6,8.8,33,19,Tibhar
Tibhar Vari Spin D.TecS,6.8,7.4,3.4,7.1,40,6,Tibhar
Tibhar Volcano,7.5,7.4,2.9,8,24,15,Tibhar
TSP 730,7,9.2,5,8.8,30,1,TSP
TSP 730 21,9.6,9.7,8,9.5,30,1,TSP
TSP 730 Speed,,,,,30,0,TSP
TSP Actor,9.1,9.5,8,9.4,35,3,TSP
TSP Agrit,9,9.1,2.2,8.9,60,8,TSP
TSP Agrit Speed,8.9,8.9,2.9,9.2,60,9,TSP
TSP Basic,8.1,8.1,3.5,8.7,25,2,TSP
TSP Bjorn,8.7,7.7,2.7,7.4,61,4,TSP
TSP Bolt,7.2,7.6,2,8.7,16,1,TSP
TSP Brio,10,7,2,7,30,1,TSP
TSP Brio Spark,,,,,30,0,TSP
TSP Cesalo,7,8,0,8.2,16,1,TSP
TSP Deus,,,,,,0,TSP
TSP Gambit,7,6,0,8,29,1,TSP
TSP Grandy,8.1,8.9,2,8,,1,TSP
TSP Real,7.9,8.5,5,8.5,42,3,TSP
TSP Regalis Blue,9.3,9.5,2.1,9.3,42,20,TSP
TSP Regalis Red,9.3,9.4,0.7,9.1,40,16,TSP
TSP Rise,7.9,7,3.3,6,30,3,TSP
TSP Rise Speed,8.8,3.3,0,5.5,55,2,TSP
TSP Summit,7,9,8,8.7,45,1,TSP
TSP Super Ventus,9.3,9.5,1.1,9.4,40,26,TSP
TSP T-Rex,9.5,8.4,3.5,8,33,3,TSP
TSP T-Rex Hard,6.5,9,8,6,33,1,TSP
TSP Tarbit 21,,,,,27,0,TSP
TSP Triple 21,9,9,8,9,34,1,TSP
TSP Triple Power,8.5,9.4,5,8.8,34,1,TSP
TSP Triple Power Chop,7,9,10,8,34,1,TSP
TSP Triple Speed,,,,,34,0,TSP
TSP Triple Speed Chop,10,10,0,,34,1,TSP
TSP Triple Spin,7.7,8.4,6.7,8.6,34,6,TSP
TSP Triple Spin Chop,5.7,9.3,3.5,9.2,34,14,TSP
TSP UQ,7,8,1,8,17,2,TSP
TSP Ventus Basic,7.2,7.4,2.3,8.2,28,5,TSP
TSP Ventus Soft,8.8,9.4,1.5,9.4,42,26,TSP
TSP Ventus Speed,9.4,9.2,1.4,9.3,42,22,TSP
TSP Ventus Spin,8.8,9.4,1.5,9.4,48,47,TSP
TSP XS,,,,,32,0,TSP
TSP XSF-1 21 Offensive Sponge,8.8,8.2,4.5,9.3,32,6,TSP
TTMaster Master Spin,,,,,,0,TTMaster
TTMaster S-Max,,,,,,0,TTMaster
Tuttle 2013 Positive Energy,9,9,2,9,10,1,Tuttle
Tuttle 2015 Good,,,,,20,0,Tuttle
Tuttle 55A,,,8,,24,1,Tuttle
Tuttle 868 Factory Tuned,8.6,8.9,5,9,10,1,Tuttle
Tuttle A380 SKY,7,6,0,7,12,1,Tuttle
Tuttle AAA,10,10,10,7.5,,2,Tuttle
Tuttle Beijing 2,8.5,9.3,7.2,9.1,15,11,Tuttle
Tuttle Beijing 3,8.3,8.7,7.4,8.9,15,6,Tuttle
Tuttle Beijing 3 Tuned,7.9,8.6,7,7.7,19,4,Tuttle
Tuttle Beijing 4,8.3,8.5,2.1,8.9,12,16,Tuttle
Tuttle Beijing I,,,,,10,0,Tuttle
Tuttle Black Energy,8,8,2,8.5,15,1,Tuttle
Tuttle Bluewave,9,9.3,5,9,15,1,Tuttle
Tuttle King Of Anti Spin,6.3,5,0,6.9,10,4,Tuttle
Tuttle Prevention Arc,5.4,5.4,0,9.2,10,8,Tuttle
Tuttle VIP 2018,9,9,3.5,8.7,30,2,Tuttle
Tuttle World No.1,7.3,8.1,3.3,8.1,6,6,Tuttle
Uniker C339,7,8,5,8,10,1,Uniker
Victas V > 01,9.3,9.1,0.6,9.2,50,16,Victas
Victas V > 01 Limber,8.9,9.4,1.1,9.4,42,37,Victas
Victas V > 01 Stiff,9.2,9.4,1.6,9.4,51,28,Victas
Victas V > 03,9.3,9.1,0,,42,1,Victas
Victas V > 11 Extra,9,9.6,1,9.7,50,6,Victas
Victas V > 15 Limber,9,9.5,1.8,9.2,49,12,Victas
Victas V > 15 Stiff,8.9,9.3,0.6,9.1,40,15,Victas
Victas V>15 Extra,9.3,9.2,0.9,9.3,47,26,Victas
Victas VJ > 07 Limber,8.8,9.4,0,9.5,42,4,Victas
Victas VJ > 07 Regular,8.2,8.9,0,9.1,35,5,Victas
Victas VJ > 07 Stiff,9.1,9.4,0.5,9.4,42,8,Victas
Victas VJC > 07 Sticky Extra,8.6,9.2,2.7,9.3,46,9,Victas
Victas VS > 401,7.9,9.4,1.8,9.3,41,26,Victas
Victas VS > 402 Double Extra,8.9,9.5,1.2,9.4,35,15,Victas
Victas VS > 402 Limber,8.7,9.5,1.9,9.2,48,14,Victas
Winning Mad-X,8.5,7,2,8,25,1,Winning
Xiom Max Leverage,,,,,44,0,Xiom
Xiom Musa,7.3,8.2,2.4,8.3,30,17,Xiom
Xiom Musa 1,8,8.5,2.5,8.6,30,2,Xiom
Xiom Musa II,8,8.5,1.2,8.4,28,6,Xiom
Xiom Musa III,7.5,8.5,2.8,8.9,33,4,Xiom
Xiom Musa III China,9,9,2,9.3,30,1,Xiom
Xiom Omega 1 Asian,8.5,8.3,4,8.4,45,3,Xiom
Xiom Omega 1 Euro,8,8,5,7,48,1,Xiom
Xiom Omega 2 Asian,9.3,8.5,2.1,9,41,20,Xiom
Xiom Omega 2 Euro,9.5,8.5,2,8.5,48,3,Xiom
Xiom Omega 3 Asian,9.4,9,0.7,9.4,50,9,Xiom
Xiom Omega 3 Euro,9,8.9,2.9,9.2,50,9,Xiom
Xiom Omega China Ying,9.6,9.6,8,9.6,60,1,Xiom
Xiom Omega IV,8.9,9.1,5.5,8.6,30,8,Xiom
Xiom Omega IV Asia,9.2,9,2.2,9.4,49,46,Xiom
Xiom Omega IV Elite,8.3,9.3,2.2,8.9,29,32,Xiom
Xiom Omega IV Euro,9,9.4,2.6,9.4,50,39,Xiom
Xiom Omega IV Pro,9.3,9.3,2.4,9.4,60,80,Xiom
Xiom Omega V Asia,9.4,9.5,2.2,9.4,40,42,Xiom
Xiom Omega V Euro,9.1,9.3,2.2,9.3,49,40,Xiom
Xiom Omega V Pro,9,9.1,2.9,9.2,42,30,Xiom
Xiom Omega V Tour,9.1,9.4,1.6,9.3,62,47,Xiom
Xiom Omega VII Asia,9.3,9.3,1.9,9.3,53,10,Xiom
Xiom Omega VII Euro,9,9,1.2,9.2,65,13,Xiom
Xiom Omega VII Hyper,9.3,9.3,0,9.3,60,3,Xiom
Xiom Omega VII Pro,9.3,9.2,1.6,9.2,59,19,Xiom
Xiom Omega VII Tour,9.2,9.2,1.9,9.2,74,19,Xiom
Xiom Oza,9.1,9.5,5,9.6,25,2,Xiom
Xiom Sigma 1 Euro,9.3,9.3,1.9,9.4,85,56,Xiom
Xiom Sigma 1 Japan Special,,,,,,0,Xiom
Xiom Sigma 1 Pro,9.5,9.1,1.8,9.2,80,27,Xiom
Xiom Sigma II Euro,9.2,9.3,1.9,9.4,45,34,Xiom
Xiom Sigma II Pro,9.4,9.3,2.5,9.3,42,28,Xiom
Xiom Tau,8.8,9.5,5.8,8.3,45,4,Xiom
Xiom True Innovation Asian,8.5,8.5,6,8.8,36,2,Xiom
Xiom True Innovation Euro,,,,,36,0,Xiom
Xiom Vega Asia,9,8.6,2.6,9,34,45,Xiom
Xiom Vega Asia DF,9,9,1.4,9.3,42,5,Xiom
Xiom Vega China VH,9.1,9.5,5,9.1,40,3,Xiom
Xiom Vega China VM,8.6,9.1,5,8.1,45,9,Xiom
Xiom Vega Def,8.6,9.5,2.3,9.3,45,4,Xiom
Xiom Vega Elite,8.3,8.2,1,8.5,36,30,Xiom
Xiom Vega Euro DF,8.6,9.1,0.8,8.6,37,10,Xiom
Xiom Vega Europe,8.8,9.1,2.1,9.2,31,173,Xiom
Xiom Vega Europe Df,,,,,,0,Xiom
Xiom Vega Intro,8,8.3,1.3,8.4,28,9,Xiom
Xiom Vega Japan,9.1,8.9,1.9,9,34,37,Xiom
Xiom Vega Pro,9.2,9.2,2.3,9.3,35,139,Xiom
Xiom Vega Tour,8.8,9,2.8,8.9,38,7,Xiom
Xiom Vega X,9,8.9,2.3,9.2,35,8,Xiom
Xiom Yanus DF,7.8,8.4,1,8.1,41,13,Xiom
Xiom Zeta Asian,8.2,8.2,3,8.3,32,9,Xiom
Xiom Zeta Euro,8.3,7.4,2,8.3,32,8,Xiom
Xiying 999,7.9,8.1,6.5,8.6,13,2,Xiying
XuShaoFa 999,6.4,7.5,8,7.1,2,6,XuShaoFa
XuShaoFa 999 LSZ,8.4,8.8,7.3,8,20,21,XuShaoFa
XuShaoFa 999 LSZ 2 Tornado Tension,7.7,8,5.8,7.7,2,4,XuShaoFa
XuShaoFa 999 ZCD,7.9,8.2,5,8.3,3,6,XuShaoFa
Yasaka Anti Power (Anti-spin),4.4,2.5,1.2,9.2,33,20,Yasaka
Yasaka Fusion,8.2,8.1,0.5,8.2,41,6,Yasaka
Yasaka GP Extenze,,,,,89,0,Yasaka
Yasaka Mark V,8,8.2,2.7,8.8,8,189,Yasaka
Yasaka Mark V 30°,7.3,7.9,1.9,8.7,30,10,Yasaka
Yasaka Mark V AD,8,8.4,0.2,8.3,30,13,Yasaka
Yasaka Mark V GPS,7.5,7.9,3.9,8.4,30,12,Yasaka
Yasaka Mark V GPS Soft,8.2,8.5,5,9.4,35,9,Yasaka
Yasaka Mark V HPS,9.1,9.1,4.1,9.4,45,56,Yasaka
Yasaka Mark V HPS Soft,8.8,9,2.6,9,44,28,Yasaka
Yasaka Mark V M2,8.7,8.4,3.3,8.8,32,16,Yasaka
Yasaka Mark V XS,8.4,8.7,3.2,8.9,46,19,Yasaka
Yasaka New Era,8.2,8.4,6.2,8.7,27,16,Yasaka
Yasaka Original,6.3,5.6,2.4,7.3,20,5,Yasaka
Yasaka Original Extra XHG,7.3,7.7,2,7.9,18,7,Yasaka
Yasaka Pryde,8.5,8,3.3,8.2,37,23,Yasaka
Yasaka Pryde 30,8.3,7.5,0.9,8,43,9,Yasaka
Yasaka Pryde 40,9.2,8.6,3.7,8.6,45,14,Yasaka
Yasaka Rakza 7,9,9.3,2.9,9.4,38,199,Yasaka
Yasaka Rakza 7 Soft,8.6,9.3,2.5,9.2,50,118,Yasaka
Yasaka Rakza 9,9.4,9.3,2.4,9.4,53,72,Yasaka
Yasaka Rakza X,9,9,2.3,9.3,42,44,Yasaka
Yasaka Rakza X Soft,8.4,8.5,1.4,8.3,60,19,Yasaka
Yasaka Rakza Z,9.1,9.6,6.4,9.5,55,20,Yasaka
Yasaka Rakza Z Extra Hard,9.1,9.6,6.3,9.4,50,11,Yasaka
Yasaka Rigan,8.4,8.9,2.4,9,35,12,Yasaka
Yasaka Rigan Spin,8.8,9.4,2,9.5,35,10,Yasaka
Yasaka Rising Dragon,8.9,9.5,5.9,9.3,37,65,Yasaka
Yasaka Shining Dragon,8.8,9.2,7.2,9,37,23,Yasaka
Yasaka V Stage,9,9.2,3.2,9.1,52,13,Yasaka
Yasaka Valmo,9.2,9.2,1.8,9.4,45,20,Yasaka
Yasaka Xtend,9.1,8.9,3.9,9.2,44,15,Yasaka
Yasaka Xtend HS,9.3,9.3,2.3,9.4,44,30,Yasaka
Yasaka Xtend SD,9,9.5,5,9.5,49,4,Yasaka
Yasaka Xtend SG,7.2,8,4,8.3,33,2,Yasaka
Yasaka Zap 36,,,,,,0,Yasaka
Yasaka Zap 36-38°,8.6,8.7,1.6,9,10,6,Yasaka
Yasaka Zap 42-44°,7,9.5,5,8,14,3,Yasaka
Yasaka Zap Balance,,,,,14,0,Yasaka
Yasaka Zap Biotech 36-38,8,8.3,2.6,8.8,46,13,Yasaka
Yasaka Zap Biotech 40-42,7.8,7.9,2,8.9,9,2,Yasaka
Yasaka Zap Ma Lin Forehand,6.8,8.2,5,8.3,11,4,Yasaka
Yasaka Zap Speed,8.7,7.7,2,8.5,14,3,Yasaka
Yasaka Zap Spin,7.8,8,3,7.9,12,7,Yasaka
Yashima ts824,,,,,5,0,Yashima
